country,founded,id,industry,linkedin_url,locality,name,region,size,website
india,,Y9kCVUsBIHSmd3HEOHOrzwmwyhTg,construction,linkedin.com/company/kerala-state-coastal-area-development-corporation-limited,thiruvananthapuram,kerala state coastal area development corporation limited,kerala,1-10,keralacoast.org
india,2019,8xG9LoHDFhneXCaho6MBEQKgfXPQ,construction,linkedin.com/company/ic-decor,nashik,ic decor,maharashtra,11-50,icdecor.in
india,2024,Hf4D9fRjcGbf3Nc3Qim8dwTvjja2,construction,linkedin.com/company/faczotech,bangalore,faczo,karnataka,1-10,faczo.in
india,,qJ1JtAzmPIdK4Cei5ZH6qwaaeWcT,construction,linkedin.com/company/n8-infra-design-consultants-private-limited,hyderābād,n8 infra design consultants private limited,telangana,1-10,
india,,pwihPifCiEemWwIVVQOzEQskrddH,construction,linkedin.com/company/swapnapurti-infracon-private-limited,collectorate complex,swapnapurti infracon private limited,telangana,1-10,
india,,TLlXb6EmV5xu32hsTUG6ewX6MBTN,construction,linkedin.com/company/red-sky-promotors-private-limited,delhi,red sky promotors private limited,delhi,1-10,
india,,j3Hrq1wFe1ceMYqMf9Rp1Qdveh3s,construction,linkedin.com/company/mrr-infra-projects-limited,secunderābād,mrr infra projects limited,telangana,1-10,
india,,hfe6bslUJkycjB5tnH2UZgpK7CV0,construction,linkedin.com/company/sanjay-telecom-private-limited,alwar,sanjay telecom private limited,rajasthan,1-10,
india,,zp8Zao3OaBi3fnvJKqD7sg2nJqNW,construction,linkedin.com/company/vdc-technologies-private-limited,gurgaon,vdc technologies,haryana,51-200,vdcint.com
india,,5b0y1BM0MMFTiwghaitUgABj35vW,construction,linkedin.com/company/bliss-tree-infracon-private-limited,laxmi nagar,bliss tree infracon private limited,delhi,1-10,
india,,8N0iOGqGNMyeOv9B2mWFxQqz3OHf,construction,linkedin.com/company/oberoi-buildcon-private-limited,delhi,oberoi buildcon private limited,delhi,1-10,
india,,0E6f21XPURlMn9ivjFbeiwTtBnxH,construction,linkedin.com/company/eta-star-propert-developers-india-private-limited,bangalore,eta star propert developers india private limited,karnataka,201-500,
india,,uGWdrr59Ka3Y7viVi7hjTgOgbb9v,construction,linkedin.com/company/global-construction-and-realtors,bangalore,global construction and realtors,karnataka,201-500,
india,,4Vlk8tLBoPgXLwnXHmYJqQm185la,construction,linkedin.com/company/unnati-residency-private-limited,delhi,unnati residency private limited,delhi,1-10,
india,,e2LcCWpjnmZTHDLf2SnHOAZyVa3z,construction,linkedin.com/company/green-earth-infratownship-private-limited,jaipur,green earth infratownship private limited,rajasthan,1-10,
india,,gh9CfaOg7FrkLBLHok3zCAYTRoc6,construction,linkedin.com/company/sugam-griha-nirman-private-limited,kolkāta,sugam griha nirman private limited,west bengal,51-200,
india,,R7BMP09CGvUTLpTWkeMuow3BUVet,construction,linkedin.com/company/deora-properties,jodhpur,deora properties,rajasthan,51-200,propertiesinjodhpur.com
india,,m1BH4vlWZ9ahXFyCUoky6wbfMf1Y,construction,linkedin.com/company/nurture-projects-private-limited,new delhi,nurture projects private limited,delhi,1-10,
india,2012,i9yTcgA1gIu21vCKYoVYogpQHxJ8,construction,linkedin.com/company/skylark-construction-equipments,new delhi,skylark construction equipments,delhi,51-200,skylarkrebar.in
india,2018,dUn4F7aSukSHqzEKtofuRwGFSJIP,construction,linkedin.com/company/asa-epc-private-limited,bhopāl,asa epc private limited,madhya pradesh,11-50,asa-epc.com
india,,RgB4fCc980K44khfwN0gdg61Tp9R,construction,linkedin.com/company/tanish-developers-private-limited,mumbai,tanish developers private limited,maharashtra,1-10,
india,,C0aioCdC0y4aoCG0SGXh0w78mPZM,construction,linkedin.com/company/kshitij-infrastructure-private-limited,kalyān,kshitij infrastructure private limited,maharashtra,1-10,
india,,GnMfxg4RXjNjKGGsNXjVHgUFWuS1,construction,linkedin.com/company/sardar-construction,dhūlia,sardar construction,maharashtra,1-10,sardarconstruction.com
india,,p8ttQ3gx0pkGxChZ3sbNnAi1xERr,construction,linkedin.com/company/may-flower-wmbs-builders-india-private-limited,budh nagar khandwa,may flower wmbs builders india private limited,uttar pradesh,1-10,
india,2013,TpEXBcaNzlZLSdu7s1TYcgQxkLQs,construction,linkedin.com/company/saipaninfra,,saipan infrastructure (p) limited,delhi,11-50,saipanengineering.in
india,,oCbdWGJYSrmRlM0Wv6pfdglXwW5h,construction,linkedin.com/company/fernandes-electricals---india,pune,fernandes electricals - india,maharashtra,1-10,fernandeselectricals.com
india,2021,jkUrjUcGu3V4kcx0zF2mFgeqlz5J,construction,linkedin.com/company/vijaya-vaneesha-infratech-pvt-ltd,bangalore,vijaya & vaneesha infratech pvt ltd,karnataka,1-10,vvinfratech.com
india,,yhDUjV0gWdFgmN8hkmLSsw0LKzbz,construction,linkedin.com/company/avydee-engineering-&-construction-private-limited,greater noida,avydee engineering & construction private limited,uttar pradesh,1-10,
india,1997,G5pyBTXG4hULyPACXODSiAPRal2O,construction,linkedin.com/company/avon-marbles,,avon marbles,,11-50,avonmarbles.com
india,,cPYVx3xRuAEXdnQy1LA1Bgt3M0V2,construction,linkedin.com/company/rounak-homes-private-limited,patna,rounak homes private limited,bihar,1-10,
india,,ra9G9IwnqoNiuMYC3cpHCgfmzBCs,construction,linkedin.com/company/keva-constructions-private-limited,mumbai,keva constructions private limited,maharashtra,1-10,
india,1959,I3yjGkfjo1hy4zG4UhnhIQk4hls9,construction,linkedin.com/company/ppsco-nagpur,shivaji nagar,prithipal singh & co.,maharashtra,11-50,
india,2016,so0MBJSCVSi3M6u366sj3ga2Q34q,construction,linkedin.com/company/proxedgesolution,bangalore,proxedge solutions,karnataka,51-200,proxedge.com
india,,ABHZj1RFcBNgxaXWcMfQaQuZzGgA,construction,linkedin.com/company/sree-mahitha-projects-private-limited,hyderābād,sree mahitha projects private limited,telangana,1-10,
india,,CDPEUXhOBsqpLG0B7evqxAekzdqx,construction,linkedin.com/company/sricity-projects-private-limited,chennai,sricity projects private limited,tamil nadu,1-10,
india,,xL7Q6yAgsSCMY8A9mXh59QtvXdDu,construction,linkedin.com/company/sap-engineers,chennai,sap engineers,tamil nadu,51-200,
india,,2ZzoQwo5wpqwJZcCRvBxUg2fRif0,construction,linkedin.com/company/sumitra-clinic-opd-centre,noida,sumitra clinic opd centre,uttar pradesh,1-10,
india,,df2Atw7XkL2WVWMEyHjcLggbDzoq,construction,linkedin.com/company/petra-gold-constructions-private-limited,bangalore,petra gold constructions private limited,karnataka,1-10,
india,,IN9tiYuptmkMzoCg98rxTAJMGFQd,construction,linkedin.com/company/omson-developers-private-limited,new delhi,omson developers private limited,delhi,1-10,
india,,TwOqbTsMHIzun8TzQToH4QxJWgKM,construction,linkedin.com/company/abbey-garage-doors-uk-limited,industrial estate,abbey garage doors (uk) limited,uttarakhand,1-10,
india,,JjPcd3JskalHVfsWUOgEjQlWakJ6,construction,linkedin.com/company/shiv-&-sons-constructions-priv-limited,kharar,shiv & sons constructions priv limited,punjab,1-10,
india,,UkXNuk5cAj6tVgO7zntfRQ8F9BUD,construction,linkedin.com/company/shrishti-contracting-company-private-limited,navi mumbai,shrishti contracting company private limited,maharashtra,1-10,
india,2017,QcD6RdfrUmEWD9Fl1D7EAQxzjDmS,construction,linkedin.com/company/padmaparshwa-infrastructure-pvt-ltd,pune,padmaparshwa infrastructure pvt ltd,maharashtra,51-200,
india,,ivwcfIvRJXneK0CbUIBnCg6FKDUP,construction,linkedin.com/company/nivasa-living-solutions-private-limited,meerut,nivasa living solutions private limited,uttar pradesh,1-10,
india,,iHkDXC81jJAmmDUBsdO3kAb7xB9V,construction,linkedin.com/company/mafson-engineering-private-limited,buxar,mafson engineering private limited,bihar,1-10,
india,2018,LRL03yleXl6OBFIwSodinAFYaFDp,construction,linkedin.com/company/nain-interior-construction,patna,nain interior & construction,bihar,11-50,naininterior.com
india,,4EOVTlFeWCthKmPYp7V7uw0ALDdW,construction,linkedin.com/company/agrawal-infrastructures-private-limited,ahmedabad,agrawal infrastructures private limited,gujarat,1-10,
india,,igcWUw6yNC9yoX47ld4ZIApu96BU,construction,linkedin.com/company/abd-infra-india-private-limited,bangalore,abd infra india private limited,karnataka,1-10,
india,,6RB1GXjNugdNKtVDVti8QwSjR4hR,construction,linkedin.com/company/sri-venkateshwara-build-&-development-private-limited,jalgaon,sri venkateshwara build & development private limited,maharashtra,1-10,
india,,inDubAYEmqquFsV0BtlOwwtjVBYi,construction,linkedin.com/company/terafirm-land-developers-private-limited,vile parle,terafirm land developers private limited,maharashtra,1-10,
india,,8H9aYt0QqCqgbmHl8uS4owuWkOBW,construction,linkedin.com/company/smarthomes-constructions-private-limited,mumbai,smarthomes constructions private limited,maharashtra,1-10,
india,,8KI4Z9YgZGU8yR4OgGFF6g0aX7Kw,construction,linkedin.com/company/anisha-nirman-private-limited,vārānasi,anisha nirman private limited,uttar pradesh,1-10,
india,,Hp1AvC6IPpCDk8wWa3RbtwcbNErQ,construction,linkedin.com/company/creative-eye-interior-designer-&-decorato-8rs,delhi,creative eye interior designer & decorato 8rs,delhi,51-200,indiamart.com/creative-eye-interior-designers
india,,tHZBfuAiyh846UJ6zOgfBwgmSoli,construction,linkedin.com/company/b-n-a-infrastructure-private-limited,bhusāval,b n a infrastructure private limited,maharashtra,1-10,
india,,diCTHSQmG7EufZTkgeZFpgIg96yO,construction,linkedin.com/company/shri-infra-developer-private-limited,lucknow,shri infra developer private limited,uttar pradesh,1-10,
india,,Wy8byeZz1szBRTJVHL5CngawVK5p,construction,linkedin.com/company/y-i-infrastructure,new delhi,y i infrastructure,delhi,11-50,
india,,erVS6wqRY1PQb4r4QiyEYQWEI9Dy,construction,linkedin.com/company/kanoria-infrastructure-private-limited,kolkāta,kanoria infrastructure private limited,west bengal,1-10,
india,,Uw8VEZOCmsYBNFw4G7Syqw3zqwdX,construction,linkedin.com/company/suncity-makers-private-limited,jodhpur,suncity makers private limited,rajasthan,1-10,
india,,H0DNBOjLAYIg7EB1VqA9dQQrvIGR,construction,linkedin.com/company/dwar-interior-and-kitchens,nāgpur,dwar interior and kitchens,maharashtra,1-10,dwarinterior.com
india,,LMCB92nr0slrcAL4JXa9IA8cFswT,construction,linkedin.com/company/shridhar-infra-projects,sindhi colony,shridhar infra projects,rajasthan,1-10,shridhargroup.com
india,,1kLRfqdDj5dbCLSiBRiR5Q9DWqOu,construction,linkedin.com/company/shahid-engineers-and-contractors-private-limited,amroha,shahid engineers and contractors private limited,uttar pradesh,1-10,
india,,yDNkwUlx3udFmn5UdSBMBgC8pEqA,construction,linkedin.com/company/garg-brothers-property-developers-private-limited,new delhi,garg brothers property developers private limited,delhi,1-10,
india,,28KCC1sq5BSaRbzluZLc9AP9frOO,construction,linkedin.com/company/vidit-homes-design-services,lucknow,vidit home's & design services,uttar pradesh,1-10,
india,2015,ObgZBeRBfB8aaKjKLPdFUgAccuCV,construction,linkedin.com/company/radikale-engineering-pvt-ltd,vadodara,radikale engineering pvt. ltd,gujarat,51-200,re-pl.com
india,,Fs4079dXa219dYMCBu5PIw86b3E2,construction,linkedin.com/company/ghosh-and-banerjee-developers-private-limited,kolkāta,ghosh and banerjee developers private limited,west bengal,1-10,
india,,8e6FTQnG5eAk99oDYJzI4AgjA1Hz,construction,linkedin.com/company/diamond-real-estates,mapusa,diamond real estates,goa,51-200,999diamondgoa.com
india,2015,P7fFKK3sv0YUsV2t1kEHdQvWeMQN,construction,linkedin.com/company/ecohbebo-builders-llp,bangalore,eco home bebo builders,karnataka,1-10,ecohomebebobuilders.in
india,2017,h6Os8eZaeE0ihDfOA9hWUgh60rYL,construction,linkedin.com/company/neemsborogroup,hyderābād,neemsboro group,telangana,51-200,
india,,usSLaxa7faJNu1xzXF4PIQeOwuSo,construction,linkedin.com/company/antevorta-developers-private-limited,nariman point,antevorta developers private limited,maharashtra,1-10,
india,,BxACpDuoBQe25R6sd9RzKAm1VB6i,construction,linkedin.com/company/highrise-slipform,navi mumbai,highrise slipform infra pvt ltd,maharashtra,11-50,highriseslipform.in
india,,epUCB8wf0IHBvEOEah5KGAtdPiSc,construction,linkedin.com/company/bajaj-property-linkers,delhi,bajaj property linkers,delhi,1-10,bajajrealtor.com
india,2012,LrZ3hUh5gj7knCaPieBp5gnNKJ3K,construction,linkedin.com/company/tensoten-roofs,chhatarpur,tensoten roofs private limited,delhi,11-50,tensoten.com
india,2017,gwbu4LWllCjS1aceiqBZmARbcuiJ,construction,linkedin.com/company/helloscc,bhubaneshwar,squarefoot construction and contract,odisha,1-10,squarefootconstruction.in
india,2009,rg4bLLIY5xzcIPU56dz1hgy08FPE,construction,linkedin.com/company/delarch-architects-interiors,alwaye,delarch architects & interiors,kerala,11-50,delarchkerala.com
india,,12l3ZoqLMFV596J7hM94pgpAVvA1,construction,linkedin.com/company/akshaya-infra-projects-private-limited,hyderābād,akshaya infra projects private limited,telangana,1-10,
india,,q261dhn3gTwAlH0dPhoCmwM6okX1,construction,linkedin.com/company/khalatkar-construction-private-limited,nāgpur,khalatkar construction private limited,maharashtra,1-10,
india,,vZJwLb7A0XaqpeNwyCCXmwgdB68o,construction,linkedin.com/company/khamgaon-land-development-and-trading-co-private-limited,mumbai,khamgaon land development and trading co private limited,maharashtra,1-10,
india,,sjAvjbMuD99lggeD6bmxBAnhFO70,construction,linkedin.com/company/geeta-constructions-private-limited,pune,geeta constructions private limited,maharashtra,1-10,
india,,li74NUu2brwyGiOPfbtKXwwjCAON,construction,linkedin.com/company/mahalakshmi-structural-construction-private-limited,patna,mahalakshmi structural construction private limited,bihar,1-10,
india,,H7eqbpUjQnkp3CSreCTuKAjUNbl9,construction,linkedin.com/company/koriya-infra-private-limited,vadodara,koriya infra private limited,gujarat,1-10,
india,,GxVYEEVFXMJcSs1ndPdqGQfU3Kxv,construction,linkedin.com/company/nvt-quality-lifestyle-projects-private-limited,bangalore,nvt quality lifestyle projects private limited,karnataka,1-10,
india,,IfM80wkow08klQUxcq58SAQQUoCH,construction,linkedin.com/company/s-b-patel-builders-pvt-ltd,vadodara,s b patel builders pvt ltd,gujarat,1-10,
india,1996,DwgLAyZq3tnG9VE2vYrudglNYrhT,construction,linkedin.com/company/atiishaydecor,pune,atiishay decor,maharashtra,1-10,atiishaydecor.com
india,,0yBuGnaBgc14V2UCuaT1MA3BKMwn,construction,linkedin.com/company/cosmos-housing-private-limited,kolkāta,cosmos housing private limited,west bengal,1-10,
india,,88UblEWDeBOkMWMzCOdwTwDeiVkZ,construction,linkedin.com/company/vastu-group---india,chandīgarh,vastu group - india,chandigarh,1-10,vastugroup.in
india,,WURBgbZ9OC9XD6WsScGuMw347s72,construction,linkedin.com/company/tunkai-india-ltd,kolkāta,tunkai india ltd,west bengal,1-10,
india,,aQkM49PasLlmQJwZHdRmswbIpd9t,construction,linkedin.com/company/cosmic-builder-private-limited,noida sector 12,cosmic builder private limited,uttar pradesh,11-50,
india,,zqc6pHDhneptrQYjN5Se8A025BUP,construction,linkedin.com/company/nooviceramics,bangalore,noovi ceramics,karnataka,11-50,nooviceramics.com
india,,QSqjIo0HSdNC9BgwXSq2YAbY9sqb,construction,linkedin.com/company/roofs-structures,,roof,kerala,11-50,
india,2019,qYK1nNVudBSBNWYX3ysZmgwOOmJQ,construction,linkedin.com/company/horizonconstructioninteriorconsultant,gorakhpur,tier infra,uttar pradesh,11-50,designathorizon.com
india,,B3ym89ULhXUCEJUJf18OEAZrJzd4,construction,linkedin.com/company/haldia-techno-infrastructure-private-limited,kolkāta,haldia techno infrastructure private limited,west bengal,1-10,
india,,SBFWR7hAN9BOB2QyQV1CDAkSLkPE,construction,linkedin.com/company/vrundavan-vastu-private-limited,pune,vrundavan vastu private limited,maharashtra,1-10,
india,,rXvidkzBjG9Txn7nVYPFhw4Zw6zg,construction,linkedin.com/company/sincere-infrastructure-private-limited,jaipur,sincere infrastructure private limited,rajasthan,1-10,
india,,lJGVSJpCQUbbskzgnIrWcw6vqhUN,construction,linkedin.com/company/krgconstructions-private-limited,mumbai,krgconstructions private limited,maharashtra,1-10,
india,,J0p6bkCgwN8aVaeZx2Uwag0MVxui,construction,linkedin.com/company/nityanand-&-sons-contractors-pvt.-ltd,hisar,nityanand & sons contractors pvt. ltd,haryana,1-10,
india,,vvGVRsSCP1STmUTxGZwiyQqxqyU4,construction,linkedin.com/company/dreams-home-and-propert-consultants,thāne,dreams home and propert consultants,maharashtra,51-200,
india,,b83wYrkBrBOCVYDBQLNzMQKd0e3T,construction,linkedin.com/company/beniwal-construction-company-private-limited,jodhpur,beniwal construction company private limited,rajasthan,1-10,
india,,iTgbPdRzTRBRwy3KiqfScwcjpRLl,construction,linkedin.com/company/sakthi-elegant-towers-india-private-limited,chennai,sakthi elegant towers india private limited,tamil nadu,1-10,sakthitowers.com
india,,XStzIBGxjqJTNKprlnwyjgzOYnon,construction,linkedin.com/company/sai-neha-constructions-india-private-limited,hyderābād,sai neha constructions (india) private limited,telangana,1-10,
india,,aYEmgkPCcIZxVNLFjjOpzgJLTcNo,construction,linkedin.com/company/eklingji-builders-private-limited,jaipur,eklingji builders private limited,rajasthan,1-10,
india,,gSjU9YwmsOsKIgtsAOAnvAnMWeLF,construction,linkedin.com/company/prerna-infratech-developers-private-limited,rānchi,prerna infratech developers private limited,jharkhand,1-10,
india,,HQna4Lk5bRiXCJBHdnB7pAO2kYuU,construction,linkedin.com/company/romell-properties-private-limited,mumbai,romell properties private limited,maharashtra,1-10,
india,,5VOovkdMsNUc7MbCKwrpoAYxrkg2,construction,linkedin.com/company/interior-&-exterior-painting-application-.,kolkāta,interior & exterior painting application .,west bengal,1-10,interior-exterior-painting-application.business.site
india,,8WouyjZy9PHa901G4zIIEwzQOgOa,construction,linkedin.com/company/eti-estate-developers-private-limited,ahmedabad,eti estate developers private limited,gujarat,1-10,
india,,yrgDrbrxlZNFZK1haOaP8gQqG83T,construction,linkedin.com/company/basera-infra-developers-private-limited,lucknow,basera infra developers private limited,uttar pradesh,51-200,baserainfra.com
india,,38lXxPbFOpsOUOa3XCEyRwpAACKs,construction,linkedin.com/company/strength-build-solutios-pvt-ltd,mohāli,strength build solutios pvt.ltd.,punjab,1-10,strengthbuildsolutionspvtltd.business.site
india,,veChtUwjA9rGEYV7Y82fiAkZp9zh,construction,linkedin.com/company/lakshmiyam-homes-india-private-limited,coimbatore,lakshmiyam homes india private limited,tamil nadu,1-10,
india,,82sm7N1f3WfIVWTgIDDkcQAaQ9Op,construction,linkedin.com/company/j-g-realtors-private-limited,hāora,j g realtors private limited,west bengal,1-10,
india,,S2w0XsxWyVryD78cq1mGxwIpF75J,construction,linkedin.com/company/prayas-buildestate-private-limited,pratap nagar,prayas buildestate private limited,rajasthan,1-10,
india,,3jjeCvKLwntbyprXmvBdEQxhnOfN,construction,linkedin.com/company/siddhivinayak-excel-constructions-private-limited,ratnāgiri,siddhivinayak excel constructions private limited,maharashtra,1-10,
india,,PMnrqkswmqWJCCtYHgZZnQJswlpn,construction,linkedin.com/company/shri-arshdeep-buildcon-private-limited,supela bhilai,shri arshdeep buildcon private limited,chhattisgarh,1-10,
india,2004,Sfwoi87akJcNKWWi6YB5fARnDDMt,construction,linkedin.com/company/gws-engineers-and-fabricators-pvt-ltd,navi mumbai,gws engineers and fabricators pvt.ltd.,maharashtra,201-500,gwsengineers.com
india,,3zofn1MTWIrvCLR2xsNumAE9qITy,construction,linkedin.com/company/golden-rocks-realtors-private-limited,jaipur,golden rocks realtors private limited,rajasthan,1-10,
india,,Cu9z0RqWf4w9ZwkbvY9OkwUmX8K6,construction,linkedin.com/company/indragni,nāgpur,indragni,maharashtra,1-10,indragni.co.in
india,,X0imHlP1GocqBlcHL8okOQeL4Fop,construction,linkedin.com/company/manjuvani-constructions-private-limited,nellore,manjuvani constructions private limited,andhra pradesh,1-10,
india,,MltPga2n9v3nhlNruDhKUA9lZMO5,construction,linkedin.com/company/surabhi-homes---india,manjapra,surabhi homes - india,kerala,1-10,surabhihomes.com
india,,1h441AGE50QnKjrU9CMEtwX5UZrW,construction,linkedin.com/company/eduloanin,delhi,eduloanin,delhi,1-10,eduloanin.com
india,,EGQ7apR3481CFhmNGOkU4gmJjYMU,construction,linkedin.com/company/sudhin,gandhāval,sudhin,madhya pradesh,1-10,sudhin.business.site
india,,51RZknrLANeKQERgXmKodQ6cgMwT,construction,linkedin.com/company/premier-nirman-private-limited,kolkāta,premier nirman private limited,west bengal,1-10,
india,,QOCmBJa4BDuIgx5Vw3b3FA4BjZGr,construction,linkedin.com/company/naman-power-projects-pvt-ltd,barnāla,naman power projects pvt ltd,punjab,1-10,
india,,CHL03gEn8ujh9XPwRD19CghA86Y1,construction,linkedin.com/company/h-&-m-avenue-projects-private-limited,hyderābād,h & m avenue projects private limited,telangana,1-10,
india,,aBgZYVpfENPiyw7m7HI0RgpYL4oo,construction,linkedin.com/company/progressive-shelters-private-limited,new delhi,progressive shelters private limited,delhi,1-10,
india,,HWcxloFhpWjNnHlZzYCBagziZuAo,construction,linkedin.com/company/rock-well-contractors-private-limited,shimla,rock well contractors private limited,himachal pradesh,1-10,
india,,oYEBrGORgyvvaiLCzF6oNgWr1t2G,construction,linkedin.com/company/jet-speed-realtors-private-limited,mumbai,jet speed realtors private limited,maharashtra,1-10,
india,,boanFxHbo7LE0oo364EOIQ4irFdg,construction,linkedin.com/company/loharu-properties-private-limited,kolkāta,loharu properties private limited,west bengal,1-10,
india,,eZCvT2G2U9dNji2GNzX30w9QvHWW,construction,linkedin.com/company/baraka-constructions-private-limited,new delhi,baraka constructions private limited,delhi,1-10,
india,,ViLGs2KWBCu0hyv8UfOzZAOUfy2b,construction,linkedin.com/company/somu-geo-consultancy-services,anantapur,somu geo consultancy services,andhra pradesh,1-10,somugeo.com
india,,TUVqVtVCiukAjrBfCrycUApvUFmK,construction,linkedin.com/company/harini-promoters-private-limited,chennai,harini promoters private limited,tamil nadu,1-10,
india,,tnN4BKYrjmnHfuWP0Q0UHQDP3zMG,construction,linkedin.com/company/budget-housing-properties,chennai,budget housing properties,tamil nadu,201-500,
india,2012,P7vW9uQwMuX9qPw9sqHNgAFcfm4S,construction,linkedin.com/company/kempulse-industries,merta,kempulse industries,rajasthan,51-200,kempulse.com
india,,7EvhXVebZ9sWInOfFuhJ0Q8pII9h,construction,linkedin.com/company/vt-realty-structure-private-limited,delhi,vt realty structure private limited,delhi,1-10,
india,2007,9vTxsxiBFIwlvSWzpCyQnglUkzr7,construction,linkedin.com/company/ambit-realtors-and-developers,mumbai,ambit realtors and developers,maharashtra,11-50,
india,,ztVSTYVsmuq87GLFCS6g0w4PRnrC,construction,linkedin.com/company/sagar-construction---india,ghāndīnagar,sagar construction - india,gujarat,1-10,sagarcon.com
india,,l3Orso7Q7CMIopJu53B7fQZnd2ei,construction,linkedin.com/company/sri-srinivasa-real-estate,conjeeveram,sri srinivasa real estate,tamil nadu,11-50,
india,,pLEtjYqPTPbQWQ9HdaMqIwo2eHV1,construction,linkedin.com/company/greenplus-builders-private-limited,jaipur,greenplus builders private limited,rajasthan,1-10,
india,2004,uCSfOJasefA0IiOq3DbfygWkKgok,construction,linkedin.com/company/eisha-structures-limited-eisha-group,pune,eisha structures limited (eisha group),maharashtra,51-200,
india,2016,K0BPx2NSlXWuX1ETLhCnwQMQjKvb,construction,linkedin.com/company/yumiko-global-infra-tech-pvt-ltd,new delhi,yumiko global infra tech pvt ltd,delhi,51-200,ygitech.com
india,,ql0zMMNu5sKfLXPMJxCSSwuVLWRZ,construction,linkedin.com/company/impact-sare-magnum-townships-priv-limited,ludhiāna,impact sare magnum townships priv limited,punjab,1-10,
india,,o3iCJHKyO6n0Ruy8dYCvBAcfIPMm,construction,linkedin.com/company/allied-infratech-private-limited,new delhi,allied infratech private limited,delhi,1-10,
india,,TnhkCfmlLpPQIfbtbBexCQFwdDv0,construction,linkedin.com/company/ashiana-realty-services-private-limited,chandni chowk,ashiana realty services private limited,delhi,1-10,
india,,cWkgZNsy1gsBdT04hgTtwg7H12C8,construction,linkedin.com/company/hagwood-commercial-developers-private-limited,mumbai,hagwood commercial developers private limited,maharashtra,1-10,
india,,CJCBsTnngG95WfpjlrZ19AeIGlzL,construction,linkedin.com/company/al-taiba-constructions-private-limited,patna,al-taiba constructions private limited,bihar,1-10,
india,,BBwRew7A5rQ2suDRBdi4GAUPs7H5,construction,linkedin.com/company/d.s.r.-infrastructure-private-limited,hyderābād,d.s.r. infrastructure private limited,telangana,1-10,
india,,cj0TFwH2ASFFL2etsosfNArKA7SN,construction,linkedin.com/company/goyal-buildtech-private-limited,delhi,goyal buildtech private limited,delhi,1-10,
india,,XunMhtTjDMQPnsL8lc3rfgqkIqBQ,construction,linkedin.com/company/renu-associates-private-limited,raurkela,renu associates private limited,odisha,1-10,
india,,f3CVXVcsuuhVGQPq5FlgLQcICXjN,construction,linkedin.com/company/rawat-gmrp-colonizer-and-developers-limited,jaipur,rawat gmrp colonizer and developers limited,rajasthan,1-10,
india,,KoqWM9FQTmJddU8ML84YmA0I2F7j,construction,linkedin.com/company/giria-projects-private-limited,kolkāta,giria projects private limited,west bengal,1-10,
india,,aOBMWvFyRhUyKgF1Nawf4wtMM79m,construction,linkedin.com/company/muskaan---india,,muskaan - india,,1-10,muskaantoys.com
india,,9G48GZeaQFF2iZJE8nCjJwiCTfVx,construction,linkedin.com/company/panch-tatva-promoters-private-limited,delhi,panch tatva promoters private limited,delhi,1-10,
india,,LtHAbJRhsIaEb8UAsYgBuwNQb1HR,construction,linkedin.com/company/prithvi-group-of-construction,kishanpur,prithvi group of construction,uttarakhand,1-10,prithvigroupofconstruction.com
india,,7gxV0CplrieIuWMzDZQ7nw0T057F,construction,linkedin.com/company/m3-infrastructure-private-limited,chennai,m3 infrastructure private limited,tamil nadu,1-10,
india,2007,mDEv0ZfR8CmhbxzB7tYPNwMhmmVz,construction,linkedin.com/company/mmassociates,kondhwa bk,m m associates,maharashtra,11-50,
india,2019,nIiMH2fq5XsCueyCoEc17ASZ8P6U,construction,linkedin.com/company/dr-civil-contractors,mumbai,dr civil contractors,maharashtra,1-10,drcivilcontractors.com
india,,IjCeYSMcO7peujLiKCICMQuDpsi2,construction,linkedin.com/company/dream-infra,bangalore,dream infra,karnataka,201-500,
india,,8EQCFBwnBoKOJJG7Hl623QZtUdZ1,construction,linkedin.com/company/fa-baker-&-associates,mumbai,fa baker & associates,maharashtra,11-50,
india,,r5IrubtKMmX8f8TXA7Fa6wS9zD6W,construction,linkedin.com/company/mk-chandys-homes-private-limited,kottayam,mk chandys homes private limited,kerala,1-10,
india,,X2QbiuEhiC78ZQCqodW1DwIeTYM5,construction,linkedin.com/company/shashi-structural-engineers-private-limited,pune,shashi structural engineers private limited,maharashtra,1-10,
india,,N5OS0pv8PLjRGsIBCpOMNwaA261i,construction,linkedin.com/company/shakti-mega-construcation-private-limited,patna,shakti mega construcation private limited,bihar,51-200,shaktimega.com
india,,fqBULxTR1MBLX3aTGmtHUwvWbkYI,construction,linkedin.com/company/kks-builders,trichinopoly,kks builders,tamil nadu,11-50,
india,,c1C4mu2ZeNYCU4Wva6moCg3KyObn,construction,linkedin.com/company/swapna-infracon-private-limited,hyderābād,swapna infracon private limited,telangana,1-10,
india,,i0f6NsenbiwwPIW6NAhdcAvX9qnu,construction,linkedin.com/company/god-grace-constructions-private-limited,delhi,god grace constructions private limited,delhi,1-10,
india,,9mE7gkEIHWEfCjV7EDqmSARF81oN,construction,linkedin.com/company/ashvar-builders-&-promoters,nawān kot,ashvar builders & promoters,punjab,11-50,ashvarbuilder.com
india,2005,CiyBMKC4NB4kRGkThvT3VARCmYaA,construction,linkedin.com/company/pulkit-projects-private-limited,delhi,pulkit projects private limited,delhi,11-50,pulkitprojects.com
india,,p4YsovBEw33S5JMYJ10nHA65bwTf,construction,linkedin.com/company/hiview-infra-projects-private-limited,secunderābād,hiview infra projects private limited,telangana,1-10,
india,,FfzqU7yU93MlJ8mBlK84Vwj11wNH,construction,linkedin.com/company/dmt-infratech-private-limited,lucknow,dmt infratech private limited,uttar pradesh,1-10,
india,,2Hoc4e7CmJCaWW30MUE17g9wcLoy,construction,linkedin.com/company/anatol-projects,bangalore,anatol projects,karnataka,1-10,anatolprojects.com
india,1961,OLHa9hHdpOO8NTXBGvAzagJ3FOri,construction,linkedin.com/company/poly-rubber-products,ghatkopar west,poly rubber products,maharashtra,11-50,polyflexmembrane.com
india,2006,3VKwvIemLu1mUGpnommpnAHAisl9,construction,linkedin.com/company/cmrinfrastructure,indore,cmr infrastructure private limited,madhya pradesh,201-500,cmrinfra.com
india,,YsJCB4MDWdKOWww73QUICgafVKRk,construction,linkedin.com/company/bmg-constructions-private-limited,banjara hills,bmg constructions private limited,telangana,1-10,
india,,YHf7S9RPz5ZFYhCmfljqGw8RTvbe,construction,linkedin.com/company/chenna-keshava-constructions,secunderābād,chenna keshava constructions,telangana,51-200,
india,,Qs2hWT6s8AI5DwYQSsAXdghp9GlL,construction,linkedin.com/company/shree-bhagwati-infrastructure---india,jaipur,shree bhagwati infrastructure - india,rajasthan,1-10,rajasthanscaffolding.com
india,2013,Hn7DjDPTOabfuTOERFW9pwS8llxl,construction,linkedin.com/company/rolif-india-pvt-ltd,noida,rolif india pvt ltd,uttar pradesh,11-50,rolifindia.com
india,,zyoqi1iNgppeabSRiiMtVgEvjd3E,construction,linkedin.com/company/scc-hitech-infrastructure-private-limited,delhi,scc hitech infrastructure private limited,delhi,1-10,
india,,E9f5bhgNUtZB6Fs3ZGBNdA3h6jka,construction,linkedin.com/company/savvy-buildwell-private-limited,gurgaon,savvy buildwell private limited,haryana,1-10,
india,2019,49yA1RamcHBh8wqMxynRmwRHp57q,construction,linkedin.com/company/psenterprise,āsansol,partha sarathi enterprise,west bengal,1-10,partha7390.github.io
india,,kdPg20vgxUFd45CSfbpE4wh15he4,construction,linkedin.com/company/garima-associates-private-limited,guwāhāti,garima associates private limited,assam,1-10,
india,,7iegsrhMQYeNeJ8BlDa1ywzzHwAt,construction,linkedin.com/company/curatech---india,calicut,curatech - india,kerala,1-10,curatech.in
india,,syvVeqFUPNQjVBMEMuzUhQmszQK3,construction,linkedin.com/company/aravali-home-care,gurgaon,aravali home care,haryana,201-500,aravalihomecare.com
india,,KUMTvPUYAMaJRsgEB4PeOgZUyF7z,construction,linkedin.com/company/eastern-fabercon-private-limited,dakshin raipur no. 3,eastern fabercon private limited,west bengal,1-10,
india,2000,0PZIRHl1fCVQfrfMS6Ez1gg38vPt,construction,linkedin.com/company/magnasoft-bim,nashik,magnasoft bim engineering pvt ltd,maharashtra,51-200,magnasoftbim.com
india,2013,AXP4TmNG07jBLIGL5opE5wpiPFDt,construction,linkedin.com/company/idealhomedevelopers,trichūr,ideal home developers,kerala,11-50,idealhomedevelopers.com
india,,CtB8siyrDBQ60lLnrokl9wWNM9JH,construction,linkedin.com/company/temple-paintr,,temple paintr,puducherry,1-10,raji-temple-painting-work.business.site
india,,0XihDDehXPraIm7aWZoNkgse4gkN,construction,linkedin.com/company/casa-ideal-real-estate,nagar,casa ideal real estate,west bengal,201-500,
india,,Rb5oKwLlkV6aXrQf9lECzAzQOE5o,construction,linkedin.com/company/shaloom-constructions,candolim,shaloom constructions,goa,1-10,shaloomconstructions.com
india,,puMmTOLjYHrlWQcAYcMv4QR8V2Cw,construction,linkedin.com/company/gsa-constructions-private-limited,delhi,gsa constructions private limited,delhi,1-10,
india,,yEBG4kBe3bhTXSsMFI3gWQAr2Vyy,construction,linkedin.com/company/innovative-homes-consultancy-services,nāgamangala,innovative homes consultancy services,karnataka,1-10,innovativehomes.co.in
india,,B5fCRFvIhymLzFH4uec2mwgsWewt,construction,linkedin.com/company/samota-estate,indore,samota estate,madhya pradesh,11-50,
india,,BdIXlHvTa8whr1AuAAEofgQx0f1l,construction,linkedin.com/company/neo-homes-builders-&-developers-private-limited,hosūr,neo homes builders & developers private limited,tamil nadu,1-10,
india,,PO16Zts5hNEuCDxBcu0A8QP3tIFL,construction,linkedin.com/company/manglam-cold-storage-private-limited,sahāranpur,manglam cold storage private limited,uttar pradesh,1-10,
india,2021,qLu2LoWTmYuwGTYKTbQONQwnHpnu,construction,linkedin.com/company/artha-builders-and-consultants,vijayawada,artha builders and consultants,andhra pradesh,1-10,
india,,19SVUGfFVhBu4KlaVXrX4gAmIUYo,construction,linkedin.com/company/uday-buildcon-private-limited,ahmedabad,uday buildcon private limited,gujarat,1-10,
india,,jzaNUCJZbpP6ly1BOxvtxAKup6a6,construction,linkedin.com/company/sag-real-estates-private-limited,new delhi,sag real estates private limited,delhi,1-10,
india,,xCHBaWZ3hme202gpWC8v3wdxV0A2,construction,linkedin.com/company/daksh-tech-projects-private-limited,lucknow,daksh tech projects private limited,uttar pradesh,1-10,
india,2016,s2i5742dB1NCscBzOLT6yQN6VaCL,construction,linkedin.com/company/kpl-buildcon-llp,pune,kpl buildcon llp,maharashtra,1-10,
india,,0SCw8ZXCntastYC18VXGxwSQC8sn,construction,linkedin.com/company/toshit-developers-private-limited,delhi,toshit developers private limited,delhi,1-10,
india,2014,mDyXTF8byMuouYStPzrCCgT0LQ2B,construction,linkedin.com/company/samruddhi-building-system-pvt--ltd-,kalthan no 1,samruddhi building system pvt. ltd.,maharashtra,11-50,sbsys.in
india,,J024gBy5rHNG4lN3uqrB0QRieeST,construction,linkedin.com/company/sagar-entr,model colony,sagar entr,maharashtra,11-50,
india,2008,xz2IZkVKyFoiq73xhDRQRQuqMsle,construction,linkedin.com/company/interiainfrastructure,patancheru ph.ii,interia,telangana,51-200,interia.in
india,,wZ2AIVbp3kpBXmox36BRhgq4v79p,construction,linkedin.com/company/sultania-construction-private-limited,kolkāta,sultania construction private limited,west bengal,1-10,
india,,2rLpxqgylbR52sOwQHMCEAfhTITG,construction,linkedin.com/company/prime-property-developers-ppd,thiruvananthapuram,prime property developers (ppd),kerala,11-50,ppdindia.com
india,,0uFKnIs0YlOwiScadlqAXQnInm8P,construction,linkedin.com/company/sri-balaji-arts,nāmakkal,sri balaji arts,tamil nadu,1-10,sri-balaji-paintings.business.site
india,,sW6sVhyvQmvKgT5luAJvIgLKtGFn,construction,linkedin.com/company/sarthak-real-built-private-limited,indore,sarthak real built private limited,madhya pradesh,1-10,
india,,C1sBGFbUfwQBOJmF1GkiKwP9zhZX,construction,linkedin.com/company/shelvi-construction,ahmedabad,shelvi construction,gujarat,51-200,indiamart.com/company/10053921
india,,2XfGvBkx9LPnDg1GvskBBg84tIjx,construction,linkedin.com/company/optionone-inframart-private-limited,lucknow,optionone inframart private limited,uttar pradesh,1-10,
india,,rDKJ4ZvBfzRMm6sBaHb2BAkrbuBL,construction,linkedin.com/company/addala-construction-company-private-limited,jubilee hills,addala construction company private limited,telangana,1-10,
india,,R8wySqA25F9QKiLRclYitgnYHKgQ,construction,linkedin.com/company/purushottam-constructions,nāgpur,purushottam constructions,maharashtra,11-50,
india,,pW0P2ia6kg9BsUa3Fk5TIgVnAoDW,construction,linkedin.com/company/cadol-properties,hyderābād,cadol properties,telangana,51-200,
india,1996,GtPdQfo0OwE28frB5jdFiQVWTiK2,construction,linkedin.com/company/pgs-india-limited,mumbai,pgs india private limited,maharashtra,501-1000,pgsindia.co.in
india,,fp1h3bH2j3f4ATDr2PQzZg9I7Ats,construction,linkedin.com/company/avishkar-developers-builders,paud,avishkar developers builders,maharashtra,51-200,avishkardeveloperspune.com
india,,XUvsn8o1ml9CBgkhBXvbwgY37Ryo,construction,linkedin.com/company/decor-world-interiors-and-decorators-private-limited,delhi,decor world interiors and decorators private limited,delhi,1-10,
india,,QxbkgOCF6RRjy4PsgNPSNQ49NOne,construction,linkedin.com/company/sri-ragavendra-builders---india,puducherry,sri ragavendra builders - india,puducherry,1-10,sriragavendrabuilder.com
india,,vuNDJ4lyeta3Gjk1PbUDEgu0S1bK,construction,linkedin.com/company/siram-appartments-pvt-ltd,kolkāta,siram appartments pvt ltd,west bengal,1-10,
india,,IPqUioi1OV0PJAFxjHESgALGAJu5,construction,linkedin.com/company/redpro-group,subhash nagar,redpro group,delhi,1-10,redprogroup.com
india,,gSNT13GjOxrsr7FftBrM8w37Q2pH,construction,linkedin.com/company/mittal-real-estate-consulta..,pune,mittal real estate consulta..,maharashtra,1-10,
india,,t9fJvkCPRoQEMC2vaO98dwzbOwad,construction,linkedin.com/company/abhishek-enterprisess,farīdābād,abhishek enterprisess,haryana,51-200,abhishekenterprises.org
india,,det5T0sXMvgSXeJLyN28VA3nt20O,construction,linkedin.com/company/cauvery-software-engineering-systems-limited,bangalore,cauvery software engineering systems limited,karnataka,1-10,
india,,kZ32IP9di3aIhywVOXqHnQTVwjEf,construction,linkedin.com/company/gajraj-realcon-private-limited,kolkāta,gajraj realcon private limited,west bengal,1-10,
india,,iWoJDbhLC3RSMIZw38LbTQIL6RHw,construction,linkedin.com/company/neem-engineering-private-limited,chennai,neem engineering private limited,tamil nadu,1-10,
india,,QPC8PzA1wGQVRPrMWHjr4wcfYkb2,construction,linkedin.com/company/estatic-infrastructure-private-limited,vadodara,estatic infrastructure private limited,gujarat,1-10,
india,,aWRFcCP4mUWyfNbuaJN00gt2QBse,construction,linkedin.com/company/caravan-power-and-constructions-india-pvt-ltd,dimāpur,caravan power and constructions (india) pvt ltd,nagaland,1-10,
india,,uTnVliBdJc4doL7hHoXnaQXVBQcc,construction,linkedin.com/company/novo-infra-systems-private-limited,delhi,novo infra systems private limited,delhi,1-10,
india,,kgQNOBU3wPCMcsjEt74bEwzHC9Gw,construction,linkedin.com/company/vgcpvtltd,baladia,vgcpl,gujarat,201-500,vgcpl.co.in
india,,YA1paOPho87VhWiLW8UxtwTHUzVa,construction,linkedin.com/company/harsh-buildcon-private-limited,new delhi,harsh buildcon private limited,delhi,1-10,
india,,jPzS6wZj0ehTzODwwBVt6wzxrxhx,construction,linkedin.com/company/sampurna-constructions-private-limited,mumbai,sampurna constructions private limited,maharashtra,1-10,
india,,IzYDV3wk0QCizTABCSENGA5Imu9P,construction,linkedin.com/company/vaishnavi-builders-&-developers-private-limited,thāne,vaishnavi builders & developers private limited,maharashtra,1-10,
india,2018,dG1Z2JcfRkFhLfbwQM3CWQKZDnaU,construction,linkedin.com/company/smashing-projects-pvt-ltd,new delhi,smashing projects pvt.ltd.,delhi,1-10,smashingprojects.com
india,,WpU8RRkIXQxHS9VC8AbBewPfNMja,construction,linkedin.com/company/lakhani-consultants,mumbai,lakhani consultants,maharashtra,11-50,lakhanidesign.com
india,,b2laUkKkNCMNtsJGHN9IsAhzLagJ,construction,linkedin.com/company/zenith-supply-and-construction-company-private-limited,imphāl,zenith supply and construction company private limited,manipur,1-10,
india,,9BcDCM8qtFs2TgOjikQnXQzZhc5R,construction,linkedin.com/company/advaith-constructions-private-limited,chennai,advaith constructions private limited,tamil nadu,1-10,
india,2020,q9jkg1sSs9s8vLPXC7tTcgQIyrgd,construction,linkedin.com/company/nc-design-build,gachibowli,native craft design build,telangana,1-10,nativecraftdesignbuild.com
india,,Pw3RNBgxBCwUXNCDBtRXXQAZFGpL,construction,linkedin.com/company/latur-integrated-textile-park-private-limited,andheri,latur integrated textile park private limited,maharashtra,1-10,
india,,KsBZP3nw7V7ySZ6weqeCBgdHj8zH,construction,linkedin.com/company/navajyoti-realty-india-limited,kolkāta,navajyoti realty india limited,west bengal,1-10,
india,,4LvJTP58hBVwSZLwcFzx6AGYFwNI,construction,linkedin.com/company/sugitha-solution,coimbatore,sugitha solution,tamil nadu,11-50,
india,,LCMoWuDchTF7IklMm470HQb349JC,construction,linkedin.com/company/mahidhar-construction-private-limited,ahmedabad,mahidhar construction private limited,gujarat,1-10,
india,,Bce8KS7RTJkf5JaDNC5inQStQp9b,construction,linkedin.com/company/bharat-ceramics---india,mumbai,bharat ceramics - india,maharashtra,1-10,bharatceramics.com
india,,uet8hJLoD73YifqDN6cSxwPAhdVB,construction,linkedin.com/company/havelson-infrastructure-private-limited,guwāhāti,havelson infrastructure private limited,assam,1-10,
india,,UDCXXfBco4baeCrLgoG3hQXG9hlB,construction,linkedin.com/company/sv-shah,takli p.d.,sv shah,maharashtra,11-50,
india,,CENRAxjCeD7Gf8J3f0VXiAXdzPXf,construction,linkedin.com/company/gyan-infrabuild-private-limited,vārānasi,gyan infrabuild private limited,uttar pradesh,1-10,
india,,4wWh6PoRph4QDF9BxQoFzQWusenW,construction,linkedin.com/company/harish-chandra-infrastructure-pvt.-ltd,new delhi,harish chandra infrastructure pvt. ltd,delhi,1-10,
india,,4XIw1BU5b5zNbr7i4fc2CAr7JRYI,construction,linkedin.com/company/karda-constructions-pvt-ltd,nashik,karda constructions pvt ltd,maharashtra,11-50,kardaconstruction.com
india,,NPgWtw3OlbKXRcP8uXdiBA5pmwq5,construction,linkedin.com/company/apna-ghar-infrastructures-india-private-limited,vijay nagar colony,apna ghar infrastructures india private limited,telangana,1-10,
india,,Z0z3f9IL2fhrfwyGjqNMdgWJN010,construction,linkedin.com/company/harsha-developers,hyderābād,harsha developers,telangana,51-200,theskyhigh.co.in
india,,6FQI6CfjNjuXyIMk18C29QXb3WhB,construction,linkedin.com/company/shiv-shyam-infocom-private-limited,jamshedpur,shiv shyam infocom private limited,jharkhand,1-10,
india,,CQNUxXFiAWcdt1jx5oDVtAJkhpDd,construction,linkedin.com/company/mep-toll-&-infrastructure-private-limited,andheri east,mep toll & infrastructure private limited,maharashtra,1-10,
india,,Blkv5HjmY2qVMB3DuDdwMgjiI2mV,construction,linkedin.com/company/vastu-samadhaan---india,,vastu samadhaan - india,,1-10,vastusamadhaan.com
india,,a1r1C8aZkBNZ1qqgfxuBQQxS8Fm8,construction,linkedin.com/company/essenz-infraconsulting-private-limited,mumbai,essenz infraconsulting private limited,maharashtra,1-10,
india,,HGgtKBxXD45E4YzTrl6gMgRyFr7P,construction,linkedin.com/company/marathwada-real-estate-developers-private-limited,aurangābād,marathwada real estate developers private limited,maharashtra,1-10,
india,,NBKwQVIXNI9nUqwHDYuqTgNHVVRI,construction,linkedin.com/company/sri-chakra-builders---india,chennai,sri chakra builders - india,tamil nadu,1-10,srichakrabuilders.in
india,2012,64zC9VM9cO09pC0P6TGDUQvf6PiL,construction,linkedin.com/company/nova-life-space-private-limited,chennai,nova life space private limited,tamil nadu,51-200,
india,,8r4oYFoXLfXAcdbDggXfhQHfwbCP,construction,linkedin.com/company/ta-real-estate-private-limited,mumbai,ta real estate private limited,maharashtra,1-10,
india,,799Pi9TBs4Gs7upsKYBfdQfgw2vA,construction,linkedin.com/company/ultra-tech-interiors,andheri east,ultra tech interiors,maharashtra,11-50,indiamart.com/ultratech-interiors
india,,2v5sZGkIkr6OTnZ77tKthAKRRCKD,construction,linkedin.com/company/matrukrupa-corporation,andheri east,matrukrupa corporation,maharashtra,51-200,
india,1990,ukOdXQSBTT83t8ZcWcfYtQJADVr0,construction,linkedin.com/company/swarnaa-group-of-companies,hubli,swarnaa group of companies,karnataka,201-500,swarnaagroup.com
india,,YAxe1uBrNfh9CvXwERuZswrFrTJR,construction,linkedin.com/company/uij-realtors-private-limited,mumbai,uij realtors private limited,maharashtra,1-10,
india,,BCPHAkgm2C0ft2OzjQIQBQCAKQdv,construction,linkedin.com/company/shine-aircon-systems,delhi,shine aircon systems,delhi,1-10,shineairconsystems.business.site
india,,oT7Pxb7CtdcxIh0MMPgPVAXr3GDr,construction,linkedin.com/company/yash-towers-pvt-ltd,kolkāta,yash towers pvt ltd,west bengal,1-10,
india,,5I2weBCaWupg3gARbKu4lQdhE8TN,construction,linkedin.com/company/steeplejack-projects-private-limited,delhi,steeplejack projects private limited,delhi,1-10,
india,2017,MAnbCRddCEeGmh3TO72CwQMOKSUH,construction,linkedin.com/company/tucasagetaways,gurugram,tucasa getaways,haryana,1-10,
india,,RSmEn1Ox09NlpGbFH7AuTw1VnL04,construction,linkedin.com/company/sri-durga-constructions---india,,sri durga constructions - india,,1-10,sridurgaconstructions.com
india,,O4sJWlyEGR8Bng5i1DbDqwCxo98S,construction,linkedin.com/company/lion-infratech-private-limited,new delhi,lion infratech private limited,delhi,1-10,
india,,XBDGSLlOdLZ015Jr3AbfFQbXW6Vd,construction,linkedin.com/company/transstroy-bhopal-bypass-tollways-private-limited,hyderābād,transstroy bhopal bypass tollways private limited,telangana,1-10,
india,,xalhm7EOdgNXoBYAHnhiPw5H8Fjt,construction,linkedin.com/company/aniket-builders-private-limited,mumbai,aniket builders private limited,maharashtra,1-10,
india,,G1399sC08iZYfqp89h4qTgtyMCqg,construction,linkedin.com/company/s.r.n.-infra-private-limited,bokaro steel city,s.r.n. infra private limited,jharkhand,1-10,
india,2019,rxyF9DspXW2PXOpdiqitgQ3s7cT6,construction,linkedin.com/company/grs-electromech,hyderābād,grs electromech,telangana,1-10,grselectromech.com
india,,kWRIvRvCpC8YOXOUQe7NMgYFdXFk,construction,linkedin.com/company/a2z-infracon-private-limited,new delhi,a2z infracon private limited,delhi,1-10,
india,,50zmEyoByeuhU0zWrSarBAgG1Gjy,construction,linkedin.com/company/flat-n-floors,gurgaon,flat n floors,haryana,201-500,flatnfloors.com
india,,D1XKtYipHmpOeYbu1CsvtwNrdKnO,construction,linkedin.com/company/u.p.-infraprojects-construction-private-limited,aliganj,u.p. infraprojects construction private limited,uttar pradesh,1-10,
india,2013,19Q3YnChLC58xMhT1qBixwkIaDHx,construction,linkedin.com/company/lakshmi-façade-solutions-pvt-ltd,new delhi,lakshmi façade solutions pvt. ltd.,delhi,51-200,lakshmifacade.com
india,,07yRC0z5BcOE4ccclRqXtACWCOnQ,construction,linkedin.com/company/phoenix-mega-mall-private-limited,hyderābād,phoenix mega mall private limited,telangana,1-10,
india,,fPExjfAFL58PG6cuP4DoBAAbAIL2,construction,linkedin.com/company/saras-infra-buildtech-private-limited,farīdābād,saras infra buildtech private limited,haryana,1-10,
india,,GcwOOmy06Y44GgSzaed6OwfaHXsk,construction,linkedin.com/company/handloom-development-corporation,jaipur,handloom development corporation,rajasthan,51-200,
india,,x1kRFFkE3MjVXo7DRfyeZAazZ9Fx,construction,linkedin.com/company/harsha-foundations-private-limited,chennai,harsha foundations private limited,tamil nadu,1-10,
india,,hK7GwL44fDeWSYScEdbdTgjhSZnq,construction,linkedin.com/company/s.k-builders-and-promoters,trichinopoly,s.k builders and promoters,tamil nadu,1-10,skbuilders.in
india,,ZaVnkXGLtB7UH2GNatUFkQ5AKwHP,construction,linkedin.com/company/hasini-estates-and-constructions,vishākhapatnam,hasini estates and constructions,andhra pradesh,11-50,indiamart.com/company/42628101
india,,nPQmUtQ9yi7OSTF8BPaXHAouEtmL,construction,linkedin.com/company/dreamland-architect,dehra dūn,dreamland architect,uttarakhand,51-200,dreamlandarchitect.in
india,,0OKWmWThRXcA3fqHx2AM2Abk1fKR,construction,linkedin.com/company/sterling-engg-and-design-private-limited,vadodara,sterling engg and design private limited,gujarat,1-10,
india,,iXWrht81S8JCKkAScK0CBAbwWdsh,construction,linkedin.com/company/devta-construction,mumbai,devta construction,maharashtra,51-200,indiamart.com/devtaconstruction
india,,knWJ5Zof3Jv9UkKOkOKo0wXqrRW6,construction,linkedin.com/company/future-dream-city-developer-organisation-private-limited,gaya,future dream city developer organisation private limited,bihar,1-10,
india,,6zCfepf3BCCsmMuOn6dx4ABVaYXP,construction,linkedin.com/company/atharved-builders-private-limited,mumbai,atharved builders private limited,maharashtra,1-10,
india,,lx7EBOFhBT7UyhTBj5HT2QjioO2a,construction,linkedin.com/company/rl-sons-development-pvt-ltd,kolkāta,rl & sons development pvt. ltd.,west bengal,51-200,
india,,mDeaYVIK9lDv0HlAU5XnmAhrHZ07,construction,linkedin.com/company/sai-painting-services,ankleshwar,sai painting services,gujarat,11-50,indiamart.com/sai-painting-services
india,,txDKMwyBhXm7TC73ksXypgxFCkNP,construction,linkedin.com/company/patil-construction-&-infrastructure-limited,mumbai,patil construction & infrastructure limited,maharashtra,1-10,
india,,JXKXIvSSmx4qcHTcweOwQwkC6XLr,construction,linkedin.com/company/lohith-construction---india,,lohith construction - india,,1-10,lohithconstruction.in
india,,DaozD0r0i0YDhpLu3luKHgBGZrNa,construction,linkedin.com/company/ams-earth-movers---india,,ams earth movers - india,,1-10,
india,,pBQMQd0pnoyJKWwkeovz5gIfogXF,construction,linkedin.com/company/pavertech-constructions-private-limited,new delhi,pavertech constructions private limited,delhi,1-10,
india,,3bFFk8KHqcGAUMSLIsy0lgIuHgkI,construction,linkedin.com/company/goldengate-infracon-private-limited,new delhi,goldengate infracon private limited,delhi,1-10,
india,,3bbvjS0JkbijJjwpm3uBlgB6icfI,construction,linkedin.com/company/dhrti-developer-&-designer-private-limited,nabagrām,dhrti developer & designer private limited,west bengal,1-10,
india,,tK9cNK02INemRJo0KUQMOAJtz7RY,construction,linkedin.com/company/viraman-buildcon-and-developers-private-limited,new delhi,viraman buildcon and developers private limited,delhi,1-10,
india,,BZYNeIVNBUiqK000X1e9UwIfi1fz,construction,linkedin.com/company/b.-m.-infratech-private-limited,delhi,b. m. infratech private limited,delhi,1-10,
india,,84xAlIjxJRzYw3cE2dRQZwELC13v,construction,linkedin.com/company/doon-real-esteat,dehra dūn,doon real esteat,uttarakhand,51-200,doonrealestates.in
india,,SGSqn1pEhcTnbO72Ds8BYg2AKbXw,construction,linkedin.com/company/sitar-construction-private-limited,r.m.v. extension ii stage,sitar construction private limited,karnataka,1-10,
india,,me0jHCn1g4W9CvWX6mouxAumVMb0,construction,linkedin.com/company/varahshreem-realtors-private-limited,vile parle,varahshreem realtors private limited,maharashtra,1-10,
india,1993,v41dbDLLKS2ei7CKQ5HUjQJwZ0Ak,construction,linkedin.com/company/george-&-company,trichūr,georoof - george infra private limited,kerala,201-500,georgeandcompany.biz
india,2022,M6NBoaBc7TPJdyQ9HiLmKg8gJWyP,construction,linkedin.com/company/resolute-global-development-pvt-ltd,shiliguri,resolute global development pvt ltd,west bengal,11-50,resoluteglobal.in
india,,nSsMd0acMhOabF5NP3JUcgHaupbS,construction,linkedin.com/company/r.-b.-chaphalkar-homes-private-limited,pune,r. b. chaphalkar homes private limited,maharashtra,1-10,
india,,ZTL6eAnb08KIMSaCzLP3AQMQfqOb,construction,linkedin.com/company/anusha-developers-and-infrastructures-private-limited,hyderābād,anusha developers and infrastructures private limited,telangana,1-10,
india,,rtHgQCyrsaxbKfta0embBQsuhGD3,construction,linkedin.com/company/urbansky-developers-private-limited,hyderābād,urbansky developers private limited,telangana,1-10,
india,,NdKP7GHKkXbHVv6oy2Yp6gB3EDCO,construction,linkedin.com/company/sns-infra-&-design-consultants-private-limited,mumbai,sns infra & design consultants private limited,maharashtra,1-10,
india,,bPdUzT3MY3eokocFaCxcBwKuSlaz,construction,linkedin.com/company/vastuyog-developers-private-limited,khānāpur,vastuyog developers private limited,karnataka,1-10,
india,,6QRLg5s2hpgXxWj6Exz8EAgRZVJa,construction,linkedin.com/company/anantapur-infra-projects-private-limited,rtc complex adoni,anantapur infra projects private limited,andhra pradesh,1-10,
india,,dKQo8vGjvpMNL3oTS0kP4QG01AqV,construction,linkedin.com/company/sas-glass-&-interior-decor-private-limited,abul fazal enclave-i,sas glass & interior decor private limited,delhi,1-10,
india,,5qZELA1TtXqlyE8ByVj9jwaTDsuO,construction,linkedin.com/company/hassle-free-builders-private-limited,kolkāta,hassle free builders private limited,west bengal,1-10,
india,,oNQQiE4iEszlhIBos3WD4gwP23RC,construction,linkedin.com/company/chinnamasta-constructions-private-limited,kolkāta,chinnamasta constructions private limited,west bengal,1-10,
india,,lRhaCo7CgESuWpBdghy1gQx7DWnq,construction,linkedin.com/company/gdr-projects-and-properties,jamshedpur,gdr projects and properties,jharkhand,11-50,indiamart.com/gdr-projects-properties
india,,ql9ePOCdGQjaw6iZrdQN1QIQbuE2,construction,linkedin.com/company/dashmesh-organics-pvt-ltd,muktsar,dashmesh organics pvt ltd,punjab,1-10,
india,,SIpycUxUb4P8CaWLiQfFWg2eQDJb,construction,linkedin.com/company/sd-intrabuild-private-limited,mumbai,sd intrabuild private limited,maharashtra,1-10,
india,,zGhT8DqhI9yJJx6JF6ce3QI9BMXG,construction,linkedin.com/company/arya-power-service-private-limited,chennai,arya power,tamil nadu,1-10,
india,,pVxGQiCJkw0v3PseIeSOjQypC5us,construction,linkedin.com/company/a.-r.-city-developers-private-limited,kanpur,a. r. city developers private limited,uttar pradesh,1-10,
india,,OJcUNbo2jNBAatpUdB3KIAlAXCui,construction,linkedin.com/company/ganga-nirman-private-limited,vikas nagar,ganga nirman private limited,uttar pradesh,1-10,
india,,y5yVyrv1lPQWaBuQeNK8LgN0nzcc,construction,linkedin.com/company/bvs-infra-projects-private-limited,srinagar colony,bvs infra projects private limited,telangana,1-10,
india,,q78Lp8fYEIoL1OLatcHqHwlLQKow,construction,linkedin.com/company/good-luck-propert-builder,new delhi,good luck propert builder,delhi,201-500,goodluckpropertybuilder.wordpress.com
india,,DElaVBnQG8f84HaUDps4bg8792QX,construction,linkedin.com/company/wonder-grass-initiative-pvt.-ltd.,nāgpur,wonder grass initiative pvt. ltd.,maharashtra,11-50,
india,,K2h5vJP6Mjz9S8Mrp0fDrwuZVdQb,construction,linkedin.com/company/shereton-buildcon-private-limited,new delhi,shereton buildcon private limited,delhi,1-10,
india,,hDu72UJCpKr02oVbFguhcAJYPDtj,construction,linkedin.com/company/omkar-painting-services,nashik,omkar painting services,maharashtra,1-10,omkar-painting-services.business.site
india,2019,ujro4hhW7Z3I9Oet5vpg3AymIy1r,construction,linkedin.com/company/box-black-internationals,chennai,box black internationals,tamil nadu,11-50,boxblackinternationals.com
india,,WfeoANgwJXGvHy0GB5BQsw8mgCjY,construction,linkedin.com/company/atlanta---arss-jv,bhubaneshwar,atlanta - arss jv,odisha,1-10,
india,2003,6RPYWrF6GgpXT3VOnTCxuwS754IW,construction,linkedin.com/company/artizen-interiors,bangalore,the artizen,karnataka,201-500,
india,,jtbQGQSftVvn2Ol3pnJXMAN39nyy,construction,linkedin.com/company/primetech-projects-private-limted,new delhi,primetech projects private limted,delhi,1-10,
india,,1UGtBZB96ABBQvGaPfWnCAsso2It,construction,linkedin.com/company/guardian-infrastructure,bijai,guardian infrastructure,karnataka,1-10,guardianinfrastructure.com
india,,iHYu4B84uQhKBP0CFHBk9g3p8TMS,construction,linkedin.com/company/tykoski-infra-private-limited,bangalore,tykoski infra private limited,karnataka,1-10,
india,,qZq63VYvDhxCHT64yhSXCgIHIcxj,construction,linkedin.com/company/ashish-inter-build-private-limited,mumbai,ashish inter build private limited,maharashtra,11-50,indiamart.com/ashish-inter-build
india,,d7nslQk6tXMleK5iJFgajwA0LvGV,construction,linkedin.com/company/rohit-gujral-properties-col..,noida sector 41,rohit gujral properties col..,uttar pradesh,1-10,
india,,xV5TRgLCQdXkhB0Fl44v8QIZDN5z,construction,linkedin.com/company/raja-buildcon-private-limited,sirsa,raja buildcon private limited,haryana,1-10,
india,,vRCD0Z9ChEDpKLFyGz2JMwU1rVfs,construction,linkedin.com/company/jashnani-buildcon-private-limited,nashik,jashnani buildcon private limited,maharashtra,1-10,jashnanibuildcon.com
india,,RGD6ev7gGgxZ4tzJOCFPiQCygEAL,construction,linkedin.com/company/real-estate-wale,mumbai,real estate wale,maharashtra,201-500,realestatewale.com
india,,GqJ2ZcCEmHBV2QGPY2XupQouM30o,construction,linkedin.com/company/ranu-enterprise---india,kolkāta,ranu enterprise - india,west bengal,1-10,ranuenterprise.com
india,1990,dQ9icNaPIf2DiT2YMX95oAMpAkXr,construction,linkedin.com/company/madhushil-builders-developers,nashik,madhushil builders & developers,maharashtra,11-50,
india,,CtCOXxC097qqx139MeW0xAFWALgj,construction,linkedin.com/company/sterling-rugs,raya,sterling rugs,uttar pradesh,1-10,sterlingrugs.com
india,,WYqsMcaMbSHgkaL31Yj7PwM8fkOv,construction,linkedin.com/company/mignesh-infrastructure-private-limited,rājkot,mignesh infrastructure private limited,gujarat,1-10,
india,,uPTxzU0tayNOyGV3eVyG6glxcBPy,construction,linkedin.com/company/s-r-k-realty-private-limited,kalthan no 1,s r k realty private limited,maharashtra,1-10,
india,,3j1VxSO6FhVpUCNpWM8figJTfisj,construction,linkedin.com/company/vimala-real-estates-private-limited,chennai,vimala real estates private limited,tamil nadu,1-10,
india,,4zjRBcKK52tZgfZkyBMo3Qwl5f6j,construction,linkedin.com/company/p3-greater-noida,gurjinder vihar,p3 greater noida,uttar pradesh,1-10,awho-gurjinder-vihar-old-market.business.site
india,,CPXHBiDKLAUogh4GR0sT1AdxW9aX,construction,linkedin.com/company/shreem-design-and-infrastructure-private-limited,ahmedabad,shreem design and infrastructure private limited,gujarat,1-10,
india,,d1sWrFDuLuhsj0XoqU70hAO7XKAm,construction,linkedin.com/company/marsconstromat,chennai,mars constromat,tamil nadu,11-50,marsconstromat.com
india,,5fl71EPZ2au8ChExB69XPAFETaIC,construction,linkedin.com/company/j.m.s.s.-construction-private-limited,kolkāta,j.m.s.s. construction private limited,west bengal,1-10,
india,,Ti1ErqmIlib8VAHEOZzkVg2J5D8j,construction,linkedin.com/company/padmini-decor---india,,padmini decor - india,,1-10,
india,,DCfq0bj8fzVzoCbdDYuseAkaJapT,construction,linkedin.com/company/gangothri-builders-developers,thiruvananthapuram,gangothri builders developers,kerala,51-200,gangothris.com
india,,wVvlKWKg2Pi8749WBWbsiQOsTe7a,construction,linkedin.com/company/granstones-floors,chennai,granstones floors,tamil nadu,201-500,granstones.com
india,2012,6i2xZtEURC4jwMI4ay6lvwW7GBPo,construction,linkedin.com/company/noor-electrical-contractor,bandra west,noor electrical contractor,maharashtra,51-200,noorelectricals.com
india,,9mn4dmm7qDaErvS3mZO6KwMGe7H0,construction,linkedin.com/company/ray-contractors-and-services-private-limited,hyderābād,ray contractors and services private limited,telangana,1-10,
india,,jgIcCITGeMd9TZAYGcYgFAfaFTAI,construction,linkedin.com/company/mmv-rock-cutting---india,,mmv rock cutting - india,,1-10,mmvrockcutting.com
india,,edEN7U2jBwACO3xn856z2wTXLUMN,construction,linkedin.com/company/devarshi-civilcon-private-limited,mumbai,devarshi civilcon private limited,maharashtra,1-10,
india,,PVyZT3lIcN7jhTGue5GZ7wyD2Rnt,construction,linkedin.com/company/saupass-techno-projects-and-traing-pvt-ltd,,saupass techno projects and traing pvt ltd,,1-10,saupass.com
india,,JMZ0tZIfUqBMmrMWOHS6cQrLjN6D,construction,linkedin.com/company/prajapati-construction,bilimora,prajapati construction,gujarat,1-10,prajapaticonstruction.business.site
india,2021,DBAo4lu7nTVAH79ECBoczQxqXfgx,construction,linkedin.com/company/archiworks-architecture,kāsaragod,archiworks architecture,kerala,1-10,archiworks.in
india,,OrGYjMesvHHuvItuEycKHABOAhU2,construction,linkedin.com/company/bkb-infra-projects-private-limited,kolkāta,bkb infra projects private limited,west bengal,1-10,
india,,CTUUStIcSmpNKMOI4oZDzQ5vb0qB,construction,linkedin.com/company/shree-jee-infraconstruction-private-limited,pratap nagar housing board,shree jee infraconstruction private limited,rajasthan,1-10,
india,,0C8ak7wNABvcDbkSZZuowgjzHd6x,construction,linkedin.com/company/vasavi-constructions,uppal,vasavi constructions,telangana,1-10,vasaviconstructions.com
india,,m3MPdzki46EVe8goEaSazgpH3zCJ,construction,linkedin.com/company/gmp-constructions-private-limited,hyderābād,gmp constructions private limited,telangana,1-10,
india,,N6zL6F54brOfBbxUwLtBcwgFDsPK,construction,linkedin.com/company/mayur-buildcon-private-limited,delhi,mayur buildcon private limited,delhi,1-10,
india,,yRawes8WuWnK1ibxb42KPQjcoyGQ,construction,linkedin.com/company/infinix-construction,coimbatore ukkadam,infinix construction,tamil nadu,1-10,infinixconstruction.com
india,2017,67lIpz6fyXBDezCCyLCkrQ4UzWYg,construction,linkedin.com/company/neo-exotic-granite-llp,chicacole,neo exotic granite llp,andhra pradesh,51-200,neoexoticgranite.in
india,,KoXNm5oxnyGeFjyANBJf3QgiA2U0,construction,linkedin.com/company/c-k-brad-projects-private-limited,hsr layout,c k brad projects private limited,karnataka,1-10,
india,,m9QLar8NO8E7y8l1gixtUQj1nV1A,construction,linkedin.com/company/sant-mangaldas-construction-company-private-limited,gwalior,sant mangaldas construction company private limited,madhya pradesh,1-10,
india,2002,6ZR8mUFneywKe06OI4kcWQZlEfbg,construction,linkedin.com/company/ashtech-india-pvt-ltd,mumbai,ashtech india pvt ltd,maharashtra,1001-5000,ashtechindia.net
india,,MyIZcgPJMRT0hKzOBuCjIQ4gQrIJ,construction,linkedin.com/company/bridge-stone-castles-private-limited,chennai,bridge stone castles private limited,tamil nadu,1-10,
india,,0gK1AJnBHCkOb2iLux941APTo08x,construction,linkedin.com/company/panchamishree-constructions-private-limited,bangalore,panchamishree constructions private limited,karnataka,1-10,
india,,S5etJOSPpEEYl95lrj0N1gJgz13r,construction,linkedin.com/company/greater-hyderabad-urban-projects-private-limited,secunderābād,greater hyderabad urban projects private limited,telangana,1-10,
india,2020,aq2wkl6c646ok4gtQvSBuALsgwB3,construction,linkedin.com/company/getfibar,mumbai,get fibar | gfrp rebar,maharashtra,51-200,getfibar.com
india,,rtFwxq3cCAXnVCoBHhrzMQTIVGc3,construction,linkedin.com/company/tunnelexperts,delhi,tunnel experts,delhi,11-50,tunnelexperts.in
india,,oTvoeJ654I0tz1n0FfrP2gw4UqSc,construction,linkedin.com/company/brickworks-india,,brickworks india,,1-10,brickworksindia.com
india,,iEJ0DrcIABgXvvdDcj5Rowjs5BCH,construction,linkedin.com/company/swami-construction-company,vadodara,swami construction company,gujarat,11-50,
india,,yCj7hP27kK8BIjkVeagfTQxSdX8a,construction,linkedin.com/company/panchwati-real-estate,new delhi,panchwati real estate,delhi,201-500,panchvatirealestate.com
india,,mdNPSva4NEy0UTdpton6IQ2Jhtlh,construction,linkedin.com/company/k.t.-developers-private-limited,bani park,k.t. developers private limited,rajasthan,1-10,
india,,mDtONRakiEUMJPrF6StBsAcQVTwJ,construction,linkedin.com/company/indus-concessions-india-private-limited,gurgaon,indus concessions india private limited,haryana,1-10,
india,,0AjP13KnBa1LflG3NiSfkAxsTFhl,construction,linkedin.com/company/kota-projects-limited,banjara hills,kota projects limited,telangana,1-10,
india,,iKXtwN4XkMtOcYlF0gg0wwNSpaOT,construction,linkedin.com/company/cr-gujar,kolhāpur,cr gujar,maharashtra,11-50,
india,,x0QsUr83HEblFsCyOGMGHQAC7NWz,construction,linkedin.com/company/kasa-infra-limited,jodhpur,kasa infra limited,rajasthan,1-10,
india,,cYSLacWkinqiiacgr8kHcwpI4ATu,construction,linkedin.com/company/ishanya-infrastructure-private-limited,pune,ishanya infrastructure private limited,maharashtra,1-10,
india,,8oQ31BS3ie5V3ZihJ7QyswaaEy3b,construction,linkedin.com/company/l-n-malviya-infra-projects-private-limited,bhopāl,l n malviya infra projects private limited,madhya pradesh,1-10,
india,,1omWyDFL2KR61DwcuqzhZgKQC33m,construction,linkedin.com/company/m-r-engineering-enterprises,pammal,m r engineering enterprises,tamil nadu,1-10,m-r-engineering-enterprises.business.site
india,,l2zumUQZMCBCxuRogN1lQgREWt8g,construction,linkedin.com/company/vasu-sri-infra-projects,hyderābād,vasu sri infra projects,telangana,1-10,vasusriinfra.com
india,,IRXyWJe0ijTME2yTe3Htbws20jh3,construction,linkedin.com/company/nvayuaga-engineering-company-ltd,hyderābād,navayuga engineering company ltd,telangana,51-200,necltd.com
india,,ZUBHPqE3fAAFn7ikMY0WhgP9JTxF,construction,linkedin.com/company/sandhya-house-keeping-private-limited,ghāziābād,sandhya house keeping private limited,uttar pradesh,1-10,
india,,9LENCnD2TMIa7UZBCbNITwg7ibko,construction,linkedin.com/company/symphony-constructions-private-limited,new delhi,symphony constructions private limited,delhi,1-10,
india,,pWWOLDh3p0dgReP2YMiu4giWYQAJ,construction,linkedin.com/company/omkar-traders-paints-dealers-&-painting-contractor,ankalgi,omkar traders paints dealers & painting contractor,karnataka,1-10,omkar-traders-paints-dealers-painting-contractor.business.site
india,,BxXaPoB8jlfh0fN7TFSoRA9PmqTW,construction,linkedin.com/company/akshar-land-developers-private-limited,navi mumbai,akshar land developers private limited,maharashtra,1-10,
india,,BzE51F0LdI9IBsubPzOQ9Apz4MDn,construction,linkedin.com/company/sumer-galaxyia-private-limited,gwalior,sumer galaxyia private limited,madhya pradesh,1-10,
india,,OFpmw3CwHLfC1vOvVoE6CgNfbcyV,construction,linkedin.com/company/nuera-builders-pvt-ltd,mumbai,nuera builders pvt ltd,maharashtra,1-10,
india,,s5Or2ToULBfaajGB3aN7zQI2bGDl,construction,linkedin.com/company/magnet-developers-private-limited,new delhi,magnet developers private limited,delhi,1-10,
india,,oCKFpTLA9rx5YEcNJBEzPQF4eSM2,construction,linkedin.com/company/gonal-roofings,aldona,gonal roofings,goa,1-10,gonalroofings.com
india,,GVrJr2I4tcMG5VgPtq7anwcdZbjQ,construction,linkedin.com/company/sonu-builders-private-limited,new delhi,sonu builders private limited,delhi,1-10,
india,,HWCvK4VIFJQOhM8J4pCNfg5SrEBT,construction,linkedin.com/company/highpowerv-realtors-&-construction-company-private-limited,chennai,highpowerv realtors & construction company private limited,tamil nadu,1-10,
india,,hwqmMUFBHNVxeVTx69tQuw7qFRs0,construction,linkedin.com/company/umas-realty-the-hub,bangalore,umas realty the hub,karnataka,201-500,
india,,phHBamTaWkwAMF5rXZVIrwpjCFyp,construction,linkedin.com/company/credible-builders-private-limited,indore,credible builders private limited,madhya pradesh,1-10,
india,,EmXBznrF7Up973zx9KajSg9bLAlE,construction,linkedin.com/company/pravin-builders-and-developers-india-private-limited,amrāvati,pravin builders and developers (india ) private limited,maharashtra,1-10,
india,1978,filcuUHyarRejTbfB1tuGQdWf9hr,construction,linkedin.com/company/mangalam-cement-ltd-,jaipur,mangalam cement limited,rajasthan,501-1000,mangalamcement.com
india,,inWZ3slJFPxEO9Vaq2x21Qp6KQLZ,construction,linkedin.com/company/sri-om-constructions-private-limited,darbhanga,sri om constructions private limited,bihar,1-10,
india,2017,VomEL2eS9tBBZkqJTFyNhgC43EFO,construction,linkedin.com/company/ashwahd-associates,pune,ashwadh associates,maharashtra,1-10,
india,,2NiajB8tM7UlvG2QyJQfbAAYw7vM,construction,linkedin.com/company/shahensa-nbr-infra-india-limited,kolkāta,shahensa nbr infra india limited,west bengal,1-10,
india,,BXZB2Cw1EGfKP2G3Cfl05w7fq5QC,construction,linkedin.com/company/pisces-contracting-limited,industrial estate,pisces contracting limited,uttarakhand,1-10,
india,,tdDs5JKPDNzV0QiEKJSAfgPeP1r8,construction,linkedin.com/company/seven-dream-infra-estate-private-limited,bhopāl,seven dream infra estate private limited,madhya pradesh,1-10,
india,,QK4Uok3qhRzdO58VslPaOgWr45iC,construction,linkedin.com/company/ncr-developers-private-limited,meerut,ncr developers private limited,uttar pradesh,1-10,
india,,8UVXzdsN0LzV8hNI4W97dgG9W32d,construction,linkedin.com/company/reliable-engineering-foundation-private-limited,chennai,reliable engineering foundation private limited,tamil nadu,1-10,
india,,wOT8BFMNf2k6R3KlGFI6ZA5C628D,construction,linkedin.com/company/corporate-realcon-private-limited,new delhi,corporate realcon private limited,delhi,1-10,
india,,7eSH1vhNCLtlTHs10xNBcAO2O8kC,construction,linkedin.com/company/vinayak-shelters-private-limited,delhi,vinayak shelters private limited,delhi,1-10,
india,,V50JbFgMBZ46VkS4HMNX7ApEydNz,construction,linkedin.com/company/inhouse-projects-kochi,kochi,inhouse projects,kerala,11-50,
india,,Tmcbzd9xLBDbWHhsg1bnCgnU05Xq,construction,linkedin.com/company/gm-valley-infra-developer-private-limited,east of kailash,gm valley infra developer private limited,delhi,1-10,
india,,oPGnytBKd1Ch9dHCX8ywaAtuqvmZ,construction,linkedin.com/company/unico-india-housing-solutions-private-limited,hyderābād,unico india housing solutions private limited,telangana,1-10,
india,2020,DOfJ79KZ1JU6Hk8D9eokRwylWKLs,construction,linkedin.com/company/forte-technologiesin,bangalore,forte technologies,karnataka,11-50,fortetechnologies.in
india,,P0QDdOl2brelo2OCc0baVgW9DXwA,construction,linkedin.com/company/jwala-infrastructure-private-limited,delhi,jwala infrastructure private limited,delhi,1-10,
india,,pbAagOYYulnbsn8mASCvAQLOgbnH,construction,linkedin.com/company/sidhartha-projects-pvt-ltd,kolkāta,sidhartha projects pvt ltd,west bengal,1-10,
india,1988,wUaaHBXbQAX8X8ByXTCbuQNr0jgu,construction,linkedin.com/company/argofacades,bangalore,argofacades,karnataka,11-50,argofacades.in
india,,kAfIdKf4uahnF9XD1dTqiwA19puu,construction,linkedin.com/company/edge-build-well,new delhi,edge build well,delhi,201-500,edgebuildwell.com
india,,7kGy4EGYxCTZy1Cn4pCNZA23FNEf,construction,linkedin.com/company/sj-contracts-private-limited,pune,sj contracts private limited,maharashtra,1-10,
india,,U3i4QjZ6VaqUNtozaaBnVgYxAiv1,construction,linkedin.com/company/dsm-builders,tirunelveli town,dsm builders,tamil nadu,1-10,dsmbuilders.business.site
india,,O22xft9JB4CtK4zbxbUBBgAqWJP0,construction,linkedin.com/company/panther-elevators,new delhi,panther elevators,delhi,1-10,pantherelevators.com
india,,yrtR0QYPwVBs7kvuWKKHdA4myMkK,construction,linkedin.com/company/vaishnavi-infra-venture-private-limited,new delhi,vaishnavi infra venture private limited,delhi,1-10,
india,1996,kRvKB8wTctjOd8t4HBXyygxCBtNX,construction,linkedin.com/company/sreemodernbuilders,rajendra nagar,sree modern builders,andhra pradesh,1-10,sreemodernbuilders.com
india,,9bK9QKHYSj7T5KFRm7L55A3M5lPG,construction,linkedin.com/company/generic-engineering-and-construction-private-limited,mumbai,generic engineering and construction private limited,maharashtra,1-10,
india,2020,ozHVcxFyJVPSjGFutZHBFwcEuZP9,construction,linkedin.com/company/darsh-builders-pvt-ltd,biswanath chariali,darshh builders pvt ltd,assam,11-50,darshbuilders.in
india,,xO1mk2bghCJNqXk0CJ3QBwPqNOq4,construction,linkedin.com/company/unitech-infrastructures-india-private-limited,hyderābād,unitech infrastructures india private limited,telangana,1-10,
india,,zooR3jdrCtIeywBdwxtiCQEB6OPe,construction,linkedin.com/company/n.b.-space-private-limited,ahmedabad,n.b. space private limited,gujarat,1-10,
india,,U5C77bcf2ZRWnBhawxXLEQTXSWoE,construction,linkedin.com/company/shash-infra-project-private-limited,civil lines,shash infra project private limited,uttar pradesh,1-10,
india,,taBwbQn33UyOftnQAoQ3AQDEhRRs,construction,linkedin.com/company/shree-senthur-engineers-and-consultant-private-limited,dindigul,shree senthur engineers and consultant private limited,tamil nadu,1-10,
india,,a4CZ5x36Gt5pMXTRNwNoJw2S9cu5,construction,linkedin.com/company/risha-property-developers-private-limited,bangalore,risha property developers private limited,karnataka,1-10,
india,,p4gzKvKe7ABygHCHfu3LRgc0qpnO,construction,linkedin.com/company/s-p-m-l-infra,okhla industrial estate,s p m l infra,delhi,201-500,
india,,f86Qqpcn8FnsO13zPeW32gsfSzZq,construction,linkedin.com/company/combine-properties,maharashtra,combine properties,maharashtra,51-200,combineproperties.com
india,,LAq6BxblP9zRV7rhghl2pAbS3lyO,construction,linkedin.com/company/buildtech-real-estate-india-private-limited,mayiladuthurai,buildtech real estate india private limited,tamil nadu,1-10,
india,2019,7W5rqRXexXVHVZqUbrDZtgLh4pVR,construction,linkedin.com/company/maignoinfra,noida,maigno infra pvt ltd,uttar pradesh,51-200,maigno.com
india,,DIB9bZeOtwSPK4nsl0XJcQxpAdAP,construction,linkedin.com/company/paramount-entr,vadodara,paramount enterprise,gujarat,1-10,
india,,q2Qvmnry9TVtvuYgbDU5wABkMm8n,construction,linkedin.com/company/sigma-c-infrastructure-private-limited,kolkāta,sigma-c infrastructure private limited,west bengal,1-10,
india,2024,8QdHOgTzzPAuwoMyvHoODgNcQkk6,construction,linkedin.com/company/elevate-infratech,bellary,elevate infratech,karnataka,1-10,eleinfra.com
india,,rylXDVfSfosaaNVPbUorrQVBiAbt,construction,linkedin.com/company/meracle-interiors-private-limited,new delhi,meracle interiors private limited,delhi,1-10,
india,,navdLrUZOhxC9eBJn1WfwgenK5sM,construction,linkedin.com/company/florence-residency-private-limited,sūrat,florence residency private limited,gujarat,1-10,
india,,cR4Ai246KCB4RQ35SoPKkQHuW36y,construction,linkedin.com/company/mrityunjai-power,narsinghpur,mrityunjai power,madhya pradesh,1-10,mrityunjaipower.com
india,,j42KctUc6y5zvivhnUEBkwb6l1sg,construction,linkedin.com/company/industrial-flooring-association,pune,industrial flooring association,maharashtra,11-50,ifa-india.com
india,,kpL5IbaVmW0LVRORgRKkWAZYBnLw,construction,linkedin.com/company/lia-builders-and-developers-private-limited,kochi,lia builders and developers private limited,kerala,1-10,
india,,32TTbyWdCOyTlYZBlPyssgGvtWMc,construction,linkedin.com/company/samode-hotels-private-limited,jaipur,samode hotels private limited,rajasthan,1-10,
india,,nk2jSrKhnxdivusmUzFdmgC2AIln,construction,linkedin.com/company/air-armada-infra-engineering-private-limited,new delhi,air armada infra engineering private limited,delhi,1-10,
india,,hacxyFwCWBCU1BJ2Yx4CVgeB1BuL,construction,linkedin.com/company/united-engineers-developers-private-limited,lucknow,united engineers developers private limited,uttar pradesh,1-10,
india,,zznk7uFFLNVKzT4xRVK83A9y9WZ4,construction,linkedin.com/company/empee-construction-company-limited,chennai,empee construction company limited,tamil nadu,1-10,
india,,MmdgRdxrq2GsOg6gB7oCUQq3ZYiv,construction,linkedin.com/company/nano-infrastructures-private-limited,mumbai,nano infrastructures private limited,maharashtra,1-10,
india,,h47Pd08P4FJf9nmqC2wUAQdTITwy,construction,linkedin.com/company/paradigm-living-spaces,alwaye,paradigm living spaces,kerala,11-50,theparadigmlife.in
india,,0gbXac1eISAuZw7KBiSmHw95czZ8,construction,linkedin.com/company/ags-foundations-private-limited,chennai,ags foundations private limited,tamil nadu,1-10,
india,,AqgrK4FkuXGAc128ZMDzdw8rZF6Y,construction,linkedin.com/company/shalom-buildestate-private-limited,jaipur,shalom buildestate private limited,rajasthan,1-10,
india,,MpFiNxRE0Do1mcWwUBeVlQzKv0lH,construction,linkedin.com/company/bg-buildwell-private-limited,new delhi,bg buildwell private limited,delhi,1-10,
india,,PC1lipa96eGBkB82cIBdZgepiCKB,construction,linkedin.com/company/nks-construction-and-engineers-private-limited,parādīp garh,nks construction and engineers private limited,odisha,1-10,
india,,lPWZ3Hz5h1G8MHyUFoopVABdG5Ic,construction,linkedin.com/company/aqarat-properties-private-limited,kakkavayal,aqarat properties private limited,kerala,1-10,
india,,NJnveR9BKbwAKjK8QA5cbQWfRjzL,construction,linkedin.com/company/krishan-murari-infrastructure-and-developers-private-limited,new delhi,krishan murari infrastructure and developers private limited,delhi,1-10,
india,,0pji3Noepa8HzBmUL4eC6wOWD01s,construction,linkedin.com/company/astir-construction-company-private-limited,lucknow,astir construction company private limited,uttar pradesh,1-10,
india,,ctSUdiKGO2LBejhBy9ozCQZ0jvVC,construction,linkedin.com/company/prestige-aqua,navi mumbai,prestige aqua,maharashtra,1-10,
india,,cKKFtyo0fx8av8BTmbh3cgi49zG8,construction,linkedin.com/company/kmcr-constructions,hyderābād,kmcr constructions,telangana,51-200,kmcrconstructions.com
india,,yTZtOqewX6lXgOWLLnn1ewaEzgRO,construction,linkedin.com/company/guhan-builders-and-promoters---india,chennai,guhan builders and promoters - india,tamil nadu,1-10,
india,,PBDtYRb0SXBnPeFfYUUdtwAb1nsQ,construction,linkedin.com/company/xpertfire,hyderābād,xpertfire,telangana,1-10,xpertfire.com
india,,TJJeWYrMN1k97pwcSBMkQwDzeSln,construction,linkedin.com/company/cranberry-estates-private-limited,opera house,cranberry estates private limited,maharashtra,1-10,
india,,yDiJ5VavwmgXtMNopCM8hQN2WBuq,construction,linkedin.com/company/shankhanil-realtors-private-limited,kolkāta,shankhanil realtors private limited,west bengal,1-10,
india,,BhmslBn0BXUmhYAvMqT5HQa157Xc,construction,linkedin.com/company/bg-shirke-constructions-technologies,mumbai,bg shirke constructions technologies,maharashtra,1001-5000,
india,,eZ5BKceiRzu8XdtbSWch1gf6r79J,construction,linkedin.com/company/gokul-krishna-constructions-private-limited,secunderābād,gokul krishna constructions private limited,telangana,51-200,gokulkrishnaconstructions.com
india,,auQey3CCLXhuK5FTv0rU4Qq6KHFl,construction,linkedin.com/company/majestic-land-promoters-private-limited,chennai,majestic land promoters private limited,tamil nadu,1-10,
india,,H0QpPNVMmdz3O6wDFhEupAx0NFYl,construction,linkedin.com/company/south-city-developers-private-limited,kolkāta,south city developers private limited,west bengal,1-10,
india,,XJxJH58BXVepvqTdWJT9YQUBo2Vw,construction,linkedin.com/company/dolly-infrastructure-private-limited,sūrat,dolly infrastructure private limited,gujarat,1-10,
india,,5PTgIWCud45JMAT7BjhcZwhvmQcw,construction,linkedin.com/company/creation-point---india,,creation point - india,,1-10,thecreationpoint.in
india,,idUECFNXsMVCBNSMDmQ83QPBaiSB,construction,linkedin.com/company/vinayak-group-of-companies,kolkāta,vinayak group of companies,west bengal,51-200,vinayakgroup.us
india,2022,LD78leJuRQoTgp2d2Yr27A0iR87F,construction,linkedin.com/company/eallistoprojects,calicut,eallisto projects,kerala,1-10,eallistoprojects.com
india,2007,XwZUaZ3z5XV4ufE4glY66w6bAhnP,construction,linkedin.com/company/premier-infra-services-private-limited,delhi,premier infra group,delhi,501-1000,
india,2022,qCb65qeUKHinGGgk6dZKAg3jX9hy,construction,linkedin.com/company/subam-innovations-india,bangalore,subam innovations india,karnataka,1-10,
india,,K1QzUQpDrOXU14dTRfpnCQn93VyE,construction,linkedin.com/company/mascot-realtors-private-limited,thāne,mascot realtors private limited,maharashtra,1-10,
india,,S98sGvLcZqZa7vqOYqBrZgW1yTNQ,construction,linkedin.com/company/shivansh-construction-private-limited,mandi,shivansh construction private limited,himachal pradesh,1-10,
india,,vm88KA1nquYlh1XJrCgvFAUA8cpU,construction,linkedin.com/company/g-r-s-projects-&-infrastructure-private-limited-.,kolkāta,g r s projects & infrastructure private limited .,west bengal,1-10,
india,2016,2j66iawq500Evb9vt8PGvAkKmbFC,construction,linkedin.com/company/dexterousdessins,new delhi,dexterous dessins projects pvt ltd,delhi,51-200,dexterousdessins.com
india,,sBNvKsVBjLuPpb2Bs5o9mQ7KizZW,construction,linkedin.com/company/prabhu-contractor---india,north goa,prabhu contractor - india,goa,1-10,prabhucontractor.com
india,,OlGNFi5Lhyh4XjzfgQZctgMbgbvI,construction,linkedin.com/company/general-projects-and-engineers-limited,guwāhāti,general projects and engineers limited,assam,1-10,
india,,8xMLVc7r4XePGzbBaxcMjg3dVqLl,construction,linkedin.com/company/kapoor-hosiery-factory-pvt-ltd,kolkāta,kapoor hosiery factory pvt ltd,west bengal,1-10,
india,,KQbGWryilMqOzGtEqwQrkg0oDUfX,construction,linkedin.com/company/maximus-infraprojects-private-limited,udaipur,maximus infraprojects private limited,rajasthan,1-10,
india,,y59EG0rCVLOKlmqUuBxQlAEPl7pZ,construction,linkedin.com/company/management-info-solutions-india-private-limited,pune,management info solutions (india) private limited,maharashtra,1-10,
india,1990,qjfxjSfrbcArZSP9FMH7GAQ1rkb9,construction,linkedin.com/company/power-techniques,chennai,power techniques,tamil nadu,11-50,powertechniques.net
india,,PczHRF7AGfNdmZZ91xZ11g7336mZ,construction,linkedin.com/company/progressive-infratech-private-limited,new delhi,progressive infratech private limited,delhi,1-10,
india,,nUdciaiSxTRZaXTijiCbGwbtRfQW,construction,linkedin.com/company/minerva-industries---india,coimbatore,minerva industries - india,tamil nadu,1-10,
india,2019,I207PdUOiYZJ4MwqDYGNiAGAZE0S,construction,linkedin.com/company/kreativbricks,shri partāpsinghpura,kreativbricks,jammu and kashmir,11-50,kreativbricks.com
india,,SibG8iot2AawlVJQGRhjBg77vIDM,construction,linkedin.com/company/grd-infra-projects,maharashtra,grd infra projects,maharashtra,51-200,
india,1988,xhmCHCP2cmGueHdaYhlOwgukdSOD,construction,linkedin.com/company/valuelineinteriors,new delhi,value line,delhi,1-10,valueline-interiors.com
india,2009,G33kZBgjBqPcy4cUnFXg8QRp3JZs,construction,linkedin.com/company/alliance-one-advisory-services-pvt-ltd,,alliance one advisory services pvt ltd,,201-500,myallianceone.com
india,2017,MkuiTGJRaN2yJoq9RCN0uAVQXEVi,construction,linkedin.com/company/sru-projects,madhapur,sru projects,telangana,51-200,sruprojects.in
india,,jNDTKKx4wuni96Fvq1S6LwkzIIbr,construction,linkedin.com/company/bendi-metropolis-construction-company-private-limited,chicacole,bendi metropolis construction company private limited,andhra pradesh,1-10,
india,,5jprzvOcOxOPBRfQUKYt1AQ8q321,construction,linkedin.com/company/desai-infrastructure-private-limited,darpan society,desai infrastructure private limited,gujarat,1-10,
india,,V7JYs5qL0tdVk8snt3thDQjMCM4Z,construction,linkedin.com/company/kamlesh-greencrete-pvt-ltd,,kamlesh greencrete pvt ltd,,1-10,kamcrete.in
india,,GEZryoxK5B3ZoXgDGsxg9A5XtOKv,construction,linkedin.com/company/ksh-projects-private-limited,kolkāta,ksh projects private limited,west bengal,1-10,
india,,CvSBCcNG1BzmICYUpMUnHw7bIU7L,construction,linkedin.com/company/paintbox-db,mumbai,paintbox db,maharashtra,11-50,paintboxdb.com
india,,rqdnYJMiB8Oj7BYfxahoBQZcVa3O,construction,linkedin.com/company/ringrazio-trading-contracting-private-limtied,new delhi,ringrazio trading & contracting private limited,delhi,1-10,ringraziotrading.com
india,1994,IzNMYOlSktYx7h5aAJCyLA4eBL0w,construction,linkedin.com/company/tulsipipes,audyogik vasahat jalgaon,tulsi pipes,maharashtra,1-10,wa.me/+917559149505
india,,IqPqfzQvirBviISNuC2jzw8MvmKL,construction,linkedin.com/company/mudali-construction-private-limited,jamshedpur,mudali construction private limited,jharkhand,1-10,
india,2021,LCJUAurFJCkttotwdAZ2cwRdhk6j,construction,linkedin.com/company/diivyamtejbuildconpvtltd,thāne,diivyamtej buildcon pvt ltd,maharashtra,11-50,diivyamtej.com
india,2011,HAjLzEBSi5thEAPXiXhZ9A7pgmrr,construction,linkedin.com/company/matrix-management-consultants-pvt-ltd,new delhi,matrix management consultants pvt. ltd.,delhi,11-50,matrixelevates.com
india,2022,5nS05OM8smGc24Ch2iWnBwvTFRbo,construction,linkedin.com/company/farhad-invincible,delhi,farhad invincible,delhi,11-50,farhadinvincible.com
india,,1BFPtwzXkUAsL7dyMIUmaAcLYgx5,construction,linkedin.com/company/toshniwal-infrastructure-private-limited,kolkāta,toshniwal infrastructure private limited,west bengal,1-10,
india,,BaQ8DT8PWKOjy9wdZ44ElQnl7z1R,construction,linkedin.com/company/vvc-realinfra-private-limited,guna,vvc realinfra private limited,madhya pradesh,1-10,
india,,B5JMd8uHhFzh2k4rYuJ7cgUp2Xnz,construction,linkedin.com/company/jd-gear,janta colony,jd gear,rajasthan,51-200,indiamart.com/company/51917695
india,,yCztEvCRm8luICsA9DuuGgnge6Sy,construction,linkedin.com/company/psk-developers-private-limited,mumbai,psk developers private limited,maharashtra,1-10,
india,,4q7BCDdNue52h1BGsECCBwdeCqCU,construction,linkedin.com/company/ultrastar-engineering-solutions-private-limited,bangalore,ultrastar engineering solutions private limited,karnataka,1-10,
india,,co9hDy4qXBc2QTDk5uAVqg6QU5iK,construction,linkedin.com/company/sun-signature-vapi,valsād,sun signature vapi,gujarat,1-10,sunsignaturevapi.com
india,,2Z10Muvjo1PMoNe4t7tu5AeX5PpW,construction,linkedin.com/company/hiya-infrastructure-limited,kalyani,hiya infrastructure limited,west bengal,1-10,
india,2002,WtcB1JyIS8NndMQm7pLrrgIgta9v,construction,linkedin.com/company/poojayash-builders-developers,nashik,poojayash builders & developers,maharashtra,11-50,
india,,Hq2fzHoB6gOGy5acRwCLsQe5gmoW,construction,linkedin.com/company/hindustan-infrastructure-inc,chandīgarh,hindustan infrastructure inc,chandigarh,201-500,indiamart.com/company/12942254
india,,NpqhuRVXVKWL304m0cDC1g48gPr1,construction,linkedin.com/company/navyandhra-projects-private-limited,vijayawada,navyandhra projects private limited,andhra pradesh,1-10,
india,,Cn1QCwfcBXxUC77uCnedHAc2iS1v,construction,linkedin.com/company/shelem-builders-and-developers-private-limited,ernākulam,shelem builders and developers private limited,kerala,1-10,
india,2004,RMbQCKQhFGKi5WeSUk8yGQ3OMtDn,construction,linkedin.com/company/navsar-power-engineers-&-consultants,,navsar power engineers & consultants,,11-50,
india,,WEXqpDQK7QbbrjSCQmaESgviAySG,construction,linkedin.com/company/aspn-infratech-private-limited,new delhi,aspn infratech private limited,delhi,1-10,
india,,iZZF9MplxYpcRs5igwgsxQsbkCjr,construction,linkedin.com/company/movent-engineering-private-limited,nayapalli,movent engineering private limited,odisha,1-10,
india,,QIjwFfI3m3ZLFFBO4s1SdgdubNkf,construction,linkedin.com/company/builders-developer,mumbai,builders developer,maharashtra,201-500,heerrealtors.com
